3332;碎星锭;icons/icon_item_0855.dds.png;金属
3360;橡胶轮;icons/icon_item_0077.dds.png;橡胶
3407;空背架;icons/icon_item_0384.dds.png;生产材料
3408;白糖;icons/icon_item_0085.dds.png;调味料
3409;食盐;icons/icon_item_0085.dds.png;调味料
3451;石化蜥蜴鳞片;icons/quest/icon_item_quest048.dds.png;炼金材料
2191;蝙蝠爪;icons/icon_item_0186.dds.png;炼金材料
2250;豆油;icons/icon_item_0309.dds.png;食用油
2251;橄榄油;icons/icon_item_0309.dds.png;食用油
3748;银白色粉末;icons/icon_item_0085.dds.png;炼金材料
3796;巨魔血液;icons/quest/icon_item_quest038.dds.png;炼金材料
3932;猫头鹰羽毛;icons/quest/icon_item_quest129.dds.png;炼金材料
3939;水银;icons/icon_item_0165.dds.png;炼金材料
3940;海鸥羽毛;icons/quest/icon_item_quest129.dds.png;炼金材料
4747;特产品质认证书;icons/icon_item_0857.dds.png;生产材料
1383;毒性粉末;icons/icon_item_0089.dds.png;炼金材料
688;龙的槽牙;icons/icon_item_0189.dds.png;炼金材料
7752;狐狸尾巴;icons/quest/icon_item_quest097.dds.png;炼金材料
7757;旧布;icons/icon_item_0065.dds.png;布料
7760;野猪槽牙;icons/icon_item_0189.dds.png;炼金材料
7770;猪笼草草茎;icons/quest/icon_item_quest166.dds.png;炼金材料
7771;猪笼草唾腺;icons/icon_item_0080.dds.png;炼金材料
7773;薄布条;icons/icon_item_0065.dds.png;布料
7774;粘液团;icons/quest/icon_item_quest038.dds.png;炼金材料
7775;坚韧的皮绳;icons/icon_item_0049.dds.png;皮革
7783;模糊的风痕;icons/quest/icon_item_quest103.dds.png;炼金材料
7784;肮脏的布条;icons/icon_item_0065.dds.png;布料
7786;透明的风痕;icons/quest/icon_item_quest103.dds.png;炼金材料
7801;人鱼尾巴;icons/icon_item_0105.dds.png;炼金材料
7802;人鱼鳞片;icons/icon_item_0053.dds.png;炼金材料
7804;人鱼鳍;icons/icon_item_0109.dds.png;炼金材料
7836;蜥蜴尾巴;icons/icon_item_0180.dds.png;炼金材料
7840;尖喙鸟羽毛;icons/icon_item_0170.dds.png;炼金材料
7896;鹰身女妖羽毛;icons/icon_item_0170.dds.png;炼金材料
7897;鹰身女妖爪;icons/icon_item_0169.dds.png;炼金材料
7909;鳄鱼尾巴;icons/quest/icon_item_quest159.dds.png;炼金材料
7910;鳄鱼牙齿;icons/icon_item_0189.dds.png;炼金材料
7922;象牙;icons/icon_item_0189.dds.png;炼金材料
7933;海虫毒腺;icons/icon_item_0080.dds.png;炼金材料
7940;巨魔槽牙;icons/icon_item_0169.dds.png;炼金材料
7945;蜥蜴人爪子;icons/icon_item_0169.dds.png;炼金材料
7952;狼獠牙;icons/icon_item_0189.dds.png;炼金材料
7963;蜥蜴人的皮;icons/icon_item_0095.dds.png;炼金材料
7976;蝎子尾巴;icons/icon_item_0180.dds.png;炼金材料
7987;狮鹫羽毛;icons/quest/icon_item_quest129.dds.png;炼金材料
7989;狮鹫爪;icons/icon_item_0169.dds.png;炼金材料
7999;毒蘑菇;icons/quest/icon_item_quest077.dds.png;炼金材料
8011;污染的水;icons/icon_item_0176.dds.png;炼金材料
8041;德翡纳锭;icons/icon_item_0871.dds.png;金属
8043;精选食盐;icons/icon_item_0085.dds.png;调味料
8049;食醋;icons/icon_item_0176.dds.png;调味料
8068;记忆之息;icons/quest/icon_item_quest103.dds.png;炼金材料
8069;记忆精华;icons/icon_item_0082.dds.png;炼金材料
8070;剧毒之息;icons/quest/icon_item_quest103.dds.png;炼金材料
8071;剧毒精华;icons/icon_item_0082.dds.png;炼金材料
8072;悲痛之息;icons/quest/icon_item_quest103.dds.png;炼金材料
8073;悲痛精华;icons/icon_item_0082.dds.png;炼金材料
8074;治愈之息;icons/quest/icon_item_quest103.dds.png;炼金材料
8075;治愈精华;icons/icon_item_0082.dds.png;炼金材料
8248;小爪子;icons/icon_item_0169.dds.png;炼金材料
8249;巨大的爪子;icons/icon_item_0169.dds.png;炼金材料
8250;尖锐的爪;icons/icon_item_0169.dds.png;炼金材料
8251;尖锐的牙;icons/icon_item_0189.dds.png;炼金材料
8252;尖利的牙齿;icons/icon_item_0189.dds.png;炼金材料
8253;结实的牙齿;icons/icon_item_0189.dds.png;炼金材料
8254;碎布料;icons/icon_item_0065.dds.png;布料
8255;撕裂的布料;icons/icon_item_0065.dds.png;布料
8256;布料;icons/icon_item_0356.dds.png;布料
8257;旧绳;icons/icon_item_0091.dds.png;布料
8258;粗线;icons/icon_item_0091.dds.png;布料
8259;坚韧的线;icons/icon_item_0091.dds.png;布料
8260;旧纸;icons/icon_item_0232.dds.png;纸张
8263;晨星结晶;icons/quest/icon_item_quest128.dds.png;炼金材料
8264;新月结晶;icons/quest/icon_item_quest128.dds.png;炼金材料
8265;太阳结晶;icons/quest/icon_item_quest128.dds.png;炼金材料
8266;晨星精华;icons/quest/icon_item_quest021.dds.png;炼金材料
8267;新月精华;icons/quest/icon_item_quest021.dds.png;炼金材料
8268;太阳精华;icons/quest/icon_item_quest021.dds.png;炼金材料
8269;晨星之息;icons/icon_item_0162.dds.png;炼金材料
8270;新月之息;icons/icon_item_0162.dds.png;炼金材料
8271;太阳之息;icons/icon_item_0162.dds.png;炼金材料
8272;粉碎的骨头;icons/icon_item_0181.dds.png;炼金材料
8273;裂开的骨头;icons/icon_item_0181.dds.png;炼金材料
8274;坚硬的骨头;icons/icon_item_0181.dds.png;炼金材料
8275;粉碎的骷髅;icons/quest/icon_item_quest123.dds.png;炼金材料
8276;旧骷髅;icons/quest/icon_item_quest123.dds.png;炼金材料
8277;奇妙的骷髅;icons/quest/icon_item_quest123.dds.png;炼金材料
8278;褴褛的布料;icons/icon_item_0065.dds.png;布料
8279;硬挺布料;icons/icon_item_0065.dds.png;布料
8280;柔软的布料;icons/icon_item_0065.dds.png;布料
8281;混沌粉末;icons/icon_item_0090.dds.png;炼金材料
8282;秩序粉末;icons/icon_item_0090.dds.png;炼金材料
8283;和谐粉末;icons/icon_item_0090.dds.png;炼金材料
8284;混沌碎片;icons/quest/icon_item_quest125.dds.png;炼金材料
8285;秩序碎片;icons/quest/icon_item_quest125.dds.png;炼金材料
8286;和谐碎片;icons/quest/icon_item_quest125.dds.png;炼金材料
8287;混沌溶液;icons/icon_item_0080.dds.png;炼金材料
8288;秩序溶液;icons/icon_item_0080.dds.png;炼金材料
8289;和谐溶液;icons/icon_item_0080.dds.png;炼金材料
8299;断裂的角;icons/icon_item_0189.dds.png;炼金材料
8300;尖锐的角;icons/icon_item_0189.dds.png;炼金材料
8301;尖利的角;icons/icon_item_0189.dds.png;炼金材料
8302;轻盈之翼;icons/icon_item_0187.dds.png;炼金材料
8303;厚实的翅膀;icons/icon_item_0187.dds.png;炼金材料
8304;结实的翅膀;icons/icon_item_0187.dds.png;炼金材料
8305;小尾巴;icons/quest/icon_item_quest159.dds.png;炼金材料
8306;蕴含魔力的恶魔尾巴;icons/quest/icon_item_quest159.dds.png;炼金材料
8307;美丽的尾巴;icons/quest/icon_item_quest097.dds.png;炼金材料
8308;梦境结晶;icons/quest/icon_item_quest015.dds.png;炼金材料
8309;黑暗结晶;icons/quest/icon_item_quest015.dds.png;炼金材料
8310;光辉结晶;icons/quest/icon_item_quest015.dds.png;炼金材料
8311;梦境精华;icons/quest/icon_item_quest021.dds.png;炼金材料
8312;黑暗精华;icons/quest/icon_item_quest021.dds.png;炼金材料
8313;光辉精华;icons/quest/icon_item_quest021.dds.png;炼金材料
8314;梦境之息;icons/quest/icon_item_quest171.dds.png;炼金材料
8315;黑暗之息;icons/quest/icon_item_quest171.dds.png;炼金材料
8316;光辉之息;icons/quest/icon_item_quest171.dds.png;炼金材料
8318;铁锭;icons/quest/icon_item_quest053.dds.png;金属
8319;合金锭;icons/icon_item_0282.dds.png;金属
8320;铜锭;icons/icon_item_0281.dds.png;金属
8324;海之珊瑚;icons/icon_item_1758.dds.png;生产材料
8325;黄昏珍珠;icons/icon_item_1756.dds.png;生产材料
8326;青铜雕刀;icons/icon_item_1750.dds.png;特殊材料
8337;木材;icons/icon_item_0041.dds.png;木材
8338;木板;icons/icon_item_0037.dds.png;木材
8339;细木棍;icons/icon_item_0038.dds.png;木材
8340;锯末;icons/icon_item_0039.dds.png;木材
8341;粗木棒;icons/icon_item_0040.dds.png;木材
8342;胶合板;icons/icon_item_0037.dds.png;木材
8343;石材;icons/icon_item_0283.dds.png;石材
8344;石板;icons/icon_item_0043.dds.png;石材
8345;石棍;icons/icon_item_0044.dds.png;石材
8346;石粉;icons/icon_item_0045.dds.png;石材
8347;石柱;icons/icon_item_0046.dds.png;石材
8348;砖头;icons/icon_item_0284.dds.png;石材
8349;皮绳;icons/icon_item_0049.dds.png;皮革
8350;皮板;icons/icon_item_0050.dds.png;皮革
8352;软皮;icons/icon_item_0285.dds.png;皮革
8358;羊毛布;icons/icon_item_0065.dds.png;布料
8359;丝绸;icons/icon_item_0058.dds.png;布料
8360;纯棉;icons/icon_item_0056.dds.png;布料
8361;纯毛;icons/icon_item_0056.dds.png;布料
8373;玻璃珠;icons/icon_item_0067.dds.png;玻璃
8374;玻璃棺;icons/icon_item_0068.dds.png;玻璃
8377;玻璃板;icons/icon_item_0071.dds.png;玻璃
8378;玻璃窗;icons/icon_item_0071.dds.png;玻璃
8379;玻璃箱;icons/icon_item_0073.dds.png;玻璃
8380;青铜镜;icons/icon_item_0074.dds.png;玻璃
8381;玻璃镜;icons/icon_item_0074.dds.png;玻璃
8386;软胶;icons/icon_item_0163.dds.png;橡胶
8387;橡皮塞;icons/icon_item_0077.dds.png;橡胶
8388;橡皮筋;icons/icon_item_0078.dds.png;橡胶
8389;坚硬的橡胶;icons/icon_item_0077.dds.png;橡胶
8390;胶皮管;icons/quest/icon_item_quest072.dds.png;橡胶
8391;橡胶板;icons/icon_item_0043.dds.png;橡胶
8394;野兽之爪;icons/icon_item_0169.dds.png;炼金材料
8395;野兽之牙;icons/icon_item_0189.dds.png;炼金材料
8397;线团;icons/icon_item_0091.dds.png;布料
8399;天空结晶;icons/quest/icon_item_quest109.dds.png;炼金材料
8400;天空精华;icons/quest/icon_item_quest109.dds.png;炼金材料
8401;天空之息;icons/quest/icon_item_quest109.dds.png;炼金材料
8402;亡者的骨头;icons/icon_item_0181.dds.png;炼金材料
8403;亡者的骸骨;icons/quest/icon_item_quest123.dds.png;炼金材料
8404;魔力粉末;icons/icon_item_0153.dds.png;炼金材料
8405;魔力碎片;icons/icon_item_0039.dds.png;炼金材料
8406;魔力溶液;icons/icon_item_0084.dds.png;炼金材料
8410;恶魔之角;icons/icon_item_0182.dds.png;炼金材料
8411;恶魔之翼;icons/icon_item_0187.dds.png;炼金材料
8412;恶魔之尾;icons/icon_item_0180.dds.png;炼金材料
8413;幻想结晶;icons/quest/icon_item_quest116.dds.png;炼金材料
8414;幻想精华;icons/quest/icon_item_quest116.dds.png;炼金材料
8415;幻想之息;icons/quest/icon_item_quest116.dds.png;炼金材料
8661;家具设计图：猫头鹰邮箱;icons/icon_item_0005.dds.png;生产材料
53419;海盗气魄;icons/quest/icon_item_quest009.dds.png;生产材料
53814;大草原的精华雕塑;icons/icon_item_4948.dds.png;生产材料
53815;大草原的精华;icons/icon_item_4947.dds.png;生产材料
53816;大草原的结晶雕塑;icons/icon_item_4835.dds.png;生产材料
53817;大草原的结晶;icons/icon_item_4836.dds.png;生产材料
8000026;Gilda Dust;icons/icon_item_2045.dds.png;生产材料
8000134;Discontinued Land Expansion Permit;icons/icon_item_2984.dds.png;生产材料
8000165;猩红雷霆精华碎片;icons/icon_item_2994.dds.png;生产材料
8000271;White Regrade Charm;icons/icon_item_2738.dds.png;强化材料
8000272;Bound Superior White Regrade Charm;icons/icon_item_2738.dds.png;强化材料
8000487;Bound Green Regrade Charm;icons/icon_item_1917.dds.png;强化材料
8000488;Blue Regrade Charm;icons/icon_item_1916.dds.png;强化材料
8000498;Discontinued Remodeling Permit;icons/icon_item_2985.dds.png;生产材料
8000966;米沙坤的水晶;icons/icon_item_3390.dds.png;炼金材料
8000999;神秘幸运石碎片（绑定）;icons/icon_item_3399.dds.png;强化材料
8001000;未拆封的神秘幸运石;icons/icon_item_3017.dds.png;强化材料
8001002;Glass Prismatic Diamond;icons/icon_item_1761.dds.png;生产材料
8001035;Bound Superior White Regrade Charm;icons/icon_item_2738.dds.png;强化材料
8001094;建筑管理许可证;icons/icon_item_3447.dds.png;生产材料
8001130;Bound Silver Regrade Charm;icons/icon_item_2738.dds.png;强化材料
8001187;Daru Cauldron Shard;icons/icon_item_3497.dds.png;生产材料
8001189;Refined Iron Ingot;icons/icon_item_3498.dds.png;金属
8001190;Magic Solution;icons/quest/icon_item_quest179.dds.png;炼金材料
8001381;Celestial Weapon Anchoring Emblem;icons/icon_item_3505.dds.png;强化材料
8001382;Celestial Armor Anchoring Emblem;icons/icon_item_3506.dds.png;强化材料
8001383;Celestial Accessory Anchoring Emblem;icons/icon_item_3507.dds.png;强化材料
8001384;Celestial Weapon Anchoring Charm: 1.5x;icons/icon_item_3508.dds.png;强化材料
8001385;Celestial Armor Anchoring Charm: 1.5x;icons/icon_item_3509.dds.png;强化材料
8001386;Celestial Accessory Anchoring Charm: 1.5x;icons/icon_item_3510.dds.png;强化材料
8001387;Celestial Weapon Anchoring Charm: 2x;icons/icon_item_3508.dds.png;强化材料
8001388;Celestial Armor Anchoring Charm: 2x;icons/icon_item_3509.dds.png;强化材料
8001389;Celestial Accessory Anchoring Charm: 2x;icons/icon_item_3510.dds.png;强化材料
8001390;Divine Weapon Anchoring Emblem;icons/icon_item_3511.dds.png;强化材料
8001391;Divine Armor Anchoring Emblem;icons/icon_item_3512.dds.png;强化材料
8001392;Divine Accessory Anchoring Emblem;icons/icon_item_3513.dds.png;强化材料
8001393;Divine Weapon Anchoring Charm: 1.5x;icons/icon_item_3514.dds.png;强化材料
8001394;Divine Armor Anchoring Charm: 1.5x;icons/icon_item_3515.dds.png;强化材料
8001395;Divine Accessory Anchoring Charm: 1.5x;icons/icon_item_3516.dds.png;强化材料
8001396;Divine Weapon Anchoring Charm: 2x;icons/icon_item_3514.dds.png;强化材料
8001397;Divine Armor Anchoring Charm: 2x;icons/icon_item_3515.dds.png;强化材料
8001398;Divine Accessory Anchoring Charm: 2x;icons/icon_item_3516.dds.png;强化材料
8001399;Celestial Weapon Anchoring Shard;icons/icon_item_3505.dds.png;强化材料
8001400;Celestial Armor Anchoring Shard;icons/icon_item_3506.dds.png;强化材料
8001401;Celestial Accessory Anchoring Shard;icons/icon_item_3507.dds.png;强化材料
8001402;Divine Weapon Anchoring Shard;icons/icon_item_3511.dds.png;强化材料
8001403;Divine Armor Anchoring Shard;icons/icon_item_3512.dds.png;强化材料
8001404;Divine Accessory Anchoring Shard;icons/icon_item_3513.dds.png;强化材料
8001875;未拆封的神秘幸运石;icons/icon_item_3017.dds.png;强化材料
8001964;Ancestral Warrior Medal;icons/arcustom/ancestral_medal_1.dds.png;生产材料
39780;霞光次元之石;icons/icon_item_2871.dds.png;战利品
39826;击破·新月黄石粉;icons/icon_item_1716.dds.png;生产材料
39827;击破·新月黄石片;icons/icon_item_1719.dds.png;生产材料
39828;击破·新月黄石晶;icons/icon_item_1722.dds.png;生产材料
39829;击落·新月青石粉;icons/icon_item_1715.dds.png;生产材料
39830;击落·新月青石片;icons/icon_item_1718.dds.png;生产材料
39831;击落·新月青石晶;icons/icon_item_1721.dds.png;生产材料
39885;绿色祝福石（绑定）;icons/icon_item_1917.dds.png;强化材料
40025;光辉的饰品强化卷轴（绑定）;icons/icon_item_1696.dds.png;强化材料
40026;绿色祝福石（绑定）;icons/icon_item_1917.dds.png;强化材料
40027;蓝色祝福石（绑定）;icons/icon_item_1916.dds.png;强化材料
40028;黄色祝福石（绑定）;icons/icon_item_1848.dds.png;强化材料
40029;红色祝福石（绑定）;icons/icon_item_1850.dds.png;强化材料
40200;神与英雄们的原画;icons/icon_item_3049.dds.png;生产材料
40232;独立宣言;icons/icon_item_3140.dds.png;纸张
40234;独立宣言授权书;icons/icon_item_3141.dds.png;纸张
40736;伊修达尔的盔甲碎片;icons/icon_item_3148.dds.png;战利品
40809;凝结魔力的短剑;icons/icon_item_dagger_0094.dds.png;生产材料
40810;凝结魔力的单手剑;icons/icon_item_sword_1h_0096.dds.png;生产材料
40811;凝结魔力的双手剑;icons/icon_item_sword_2h_0074.dds.png;生产材料
40812;凝结魔力的单手刀;icons/icon_item_blade_1h_0088.dds.png;生产材料
40813;凝结魔力的双手刀;icons/icon_item_blade_2h_0075.dds.png;生产材料
40814;凝结魔力的单手斧;icons/icon_item_axe_1h_0089.dds.png;生产材料
40815;凝结魔力的双手斧;icons/icon_item_axe_2h_0056.dds.png;生产材料
40816;凝结魔力的单手钝器;icons/icon_item_mace_1h_0084.dds.png;生产材料
40817;凝结魔力的双手钝器;icons/icon_item_mace_2h_0066.dds.png;生产材料
40818;凝结魔力的单手枪;icons/icon_item_spear_1h_0086.dds.png;生产材料
40819;凝结魔力的双手枪;icons/icon_item_spear_2h_0071.dds.png;生产材料
40820;凝结魔力的单手杖;icons/icon_item_staff_1h_0088.dds.png;生产材料
40821;凝结魔力的双手杖;icons/icon_item_staff_2h_0052.dds.png;生产材料
40822;凝结魔力的魔力弓;icons/icon_item_bow_0091.dds.png;生产材料
40823;凝结魔力的弦乐器;icons/icon_item_ins_s_0052.dds.png;生产材料
40824;凝结魔力的管乐器;icons/icon_item_ins_w_0049.dds.png;生产材料
40825;凝结魔力的盾牌;icons/icon_item_shield_0095.dds.png;生产材料
40826;凝结魔力的王冠;icons/costume_hm/nu_m_hm_cloth199.dds.png;生产材料
40827;凝结魔力的软布上衣;icons/costume_ar/nu_f_ar_cloth199.dds.png;生产材料
40828;凝结魔力的软布裤子;icons/costume_pt/nu_f_pt_cloth199.dds.png;生产材料
40829;凝结魔力的软布手套;icons/costume_gv/nu_f_gv_cloth199.dds.png;生产材料
40830;凝结魔力的软布鞋子;icons/costume_bo/nu_f_bo_cloth199.dds.png;生产材料
40831;凝结魔力的头饰;icons/costume_hm/nu_m_hm_leather199.dds.png;生产材料
40832;凝结魔力的轻皮胸甲;icons/costume_ar/nu_m_ar_leather199.dds.png;生产材料
40833;凝结魔力的轻皮裤子;icons/costume_pt/nu_f_pt_leather198.dds.png;生产材料
40834;凝结魔力的轻皮手套;icons/costume_gv/nu_m_gv_leather199.dds.png;生产材料
40835;凝结魔力的皮鞋;icons/costume_bo/nu_m_bo_leather199.dds.png;生产材料
40836;凝结魔力的金属头盔;icons/costume_hm/nu_m_hm_metal210.dds.png;生产材料
40837;凝结魔力的金属胸甲;icons/costume_ar/nu_f_ar_metal215.dds.png;生产材料
40838;凝结魔力的金属腿甲;icons/costume_pt/nu_f_pt_metal216.dds.png;生产材料
40839;凝结魔力的金属护手;icons/costume_gv/nu_m_gv_metal219.dds.png;生产材料
40840;凝结魔力的金属长靴;icons/costume_bo/nu_f_bo_metal216.dds.png;生产材料
40842;遗忘的古代金属锭;icons/icon_item_0871.dds.png;金属
40901;tool_独立宣言;icons/icon_item_tool.dds.png;纸张
40902;伊修达尔的灵魂;icons/quest/icon_item_quest171.dds.png;战利品
40903;伊修达尔的断罪之斧碎片;icons/icon_item_axe_1h_0092.dds.png;生产材料
40904;伊修达尔的业火之斧碎片;icons/icon_item_axe_1h_0093.dds.png;生产材料
40916;空白画纸;icons/icon_item_3104.dds.png;纸张
40917;空白画板;icons/icon_item_2204.dds.png;纸张
41172;未拆封的武器强化卷轴;icons/icon_item_1268.dds.png;强化材料
41173;未拆封的防具强化卷轴;icons/icon_item_1269.dds.png;强化材料
41174;未拆封的饰品强化卷轴;icons/icon_item_1695.dds.png;强化材料
41176;未拆封的光辉的武器强化卷轴;icons/icon_item_1270.dds.png;强化材料
41253;神秘幸运石碎片（绑定）;icons/icon_item_3399.dds.png;强化材料
42084;武器辟邪石：传说;icons/icon_item_3505.dds.png;强化材料
42085;防具辟邪石：传说;icons/icon_item_3506.dds.png;强化材料
42086;饰品辟邪石：传说;icons/icon_item_3507.dds.png;强化材料
42090;武器辟邪石：远古;icons/icon_item_3511.dds.png;强化材料
42091;防具辟邪石：远古;icons/icon_item_3512.dds.png;强化材料
42092;饰品辟邪石：远古;icons/icon_item_3513.dds.png;强化材料
42096;武器辟邪石碎片：传说;icons/icon_item_3505.dds.png;强化材料
42097;防具辟邪石碎片：传说;icons/icon_item_3506.dds.png;强化材料
42098;饰品辟邪石碎片：传说;icons/icon_item_3507.dds.png;强化材料
42102;武器辟邪石碎片：远古;icons/icon_item_3511.dds.png;强化材料
42103;防具辟邪石碎片：远古;icons/icon_item_3512.dds.png;强化材料
42104;饰品辟邪石碎片：远古;icons/icon_item_3513.dds.png;强化材料
42342;清香的绿叶;icons/icon_item_3598.dds.png;特殊材料
42343;有光泽的种子;icons/icon_item_3600.dds.png;特殊材料
42824;未拆封的八角亭圆柱捆;icons/icon_item_1974.dds.png;生产材料
43068;黄金铃铛花茎干;icons/icon_item_3882.dds.png;生产材料
43069;歌唱的碱蓬嫩叶;icons/icon_item_3883.dds.png;生产材料
43128;甲胄碎片;icons/icon_item_3864.dds.png;战利品
43129;酸性泡泡;icons/icon_item_3887.dds.png;战利品
43130;酸性毒囊;icons/icon_item_3863.dds.png;生产材料
43131;完整的甲胄;icons/icon_item_3888.dds.png;生产材料
43445;新月石循环催化剂;icons/icon_item_4001.dds.png;生产材料
43448;新月青石晶;icons/icon_item_1721.dds.png;生产材料
43463;新月黄石晶;icons/icon_item_1722.dds.png;生产材料
43468;新月褐石晶;icons/icon_item_1720.dds.png;生产材料
43469;新月赤石冶炼石;icons/icon_item_3994.dds.png;生产材料
43470;新月褐石冶炼石;icons/icon_item_3995.dds.png;生产材料
43471;新月黄石冶炼石;icons/icon_item_3996.dds.png;生产材料
43472;新月血石冶炼石;icons/icon_item_3997.dds.png;生产材料
43473;新月青石冶炼石;icons/icon_item_3998.dds.png;生产材料
43474;新月海石冶炼石;icons/icon_item_3999.dds.png;生产材料
43475;新月碧石冶炼石;icons/icon_item_4000.dds.png;生产材料
43586;新月褐石碎片;icons/icon_item_1717.dds.png;生产材料
43802;编制的甲胄;icons/icon_item_3888.dds.png;战利品
43803;强酸性毒囊;icons/icon_item_3863.dds.png;战利品
44059;被净化的魔力匕首;icons/icon_item_dagger_0094.dds.png;生产材料
44060;被净化的魔力单手剑;icons/icon_item_sword_1h_0096.dds.png;生产材料
44061;被净化的魔力双手剑;icons/icon_item_sword_2h_0074.dds.png;生产材料
44062;被净化的魔力单手刀;icons/icon_item_blade_1h_0088.dds.png;生产材料
44063;被净化的魔力双手刀;icons/icon_item_blade_2h_0075.dds.png;生产材料
44064;被净化的魔力单手斧;icons/icon_item_axe_1h_0089.dds.png;生产材料
44065;被净化的魔力双手斧;icons/icon_item_axe_2h_0056.dds.png;生产材料
44066;被净化的魔力单手钝器;icons/icon_item_mace_1h_0084.dds.png;生产材料
44067;被净化的魔力双手钝器;icons/icon_item_mace_2h_0066.dds.png;生产材料
44068;被净化的魔力单手枪;icons/icon_item_spear_1h_0086.dds.png;生产材料
44069;被净化的魔力双手枪;icons/icon_item_spear_2h_0071.dds.png;生产材料
44070;被净化的魔力单手杖;icons/icon_item_staff_1h_0088.dds.png;生产材料
44071;被净化的魔力双手杖;icons/icon_item_staff_2h_0052.dds.png;生产材料
44072;被净化的魔力长弓;icons/icon_item_bow_0091.dds.png;生产材料
44073;被净化的魔力弦乐器;icons/icon_item_ins_s_0052.dds.png;生产材料
44074;被净化的魔力管乐器;icons/icon_item_ins_w_0049.dds.png;生产材料
44075;被净化的魔力盾牌;icons/icon_item_shield_0095.dds.png;生产材料
44076;被净化的魔力布巾;icons/costume_hm/nu_m_hm_cloth199.dds.png;生产材料
44077;被净化的魔力布衣;icons/costume_ar/nu_f_ar_cloth199.dds.png;生产材料
44078;被净化的魔力布裤;icons/costume_pt/nu_f_pt_cloth199.dds.png;生产材料
44079;被净化的魔力布手套;icons/costume_gv/nu_f_gv_cloth199.dds.png;生产材料
44080;被净化的魔力布鞋;icons/costume_bo/nu_f_bo_cloth199.dds.png;生产材料
44081;被净化的魔力皮帽;icons/costume_hm/nu_m_hm_leather199.dds.png;生产材料
44082;被净化的魔力皮胸甲;icons/costume_ar/nu_m_ar_leather199.dds.png;生产材料
44083;被净化的魔力皮腿甲;icons/costume_pt/nu_f_pt_leather198.dds.png;生产材料
44084;被净化的魔力皮手套;icons/costume_gv/nu_m_gv_leather199.dds.png;生产材料
44085;被净化的魔力皮长靴;icons/costume_bo/nu_m_bo_leather199.dds.png;生产材料
44086;被净化的魔力板金头盔;icons/costume_hm/nu_m_hm_metal210.dds.png;生产材料
44087;被净化的魔力板金胸甲;icons/costume_ar/nu_f_ar_metal215.dds.png;生产材料
44088;被净化的魔力板金腿甲;icons/costume_pt/nu_f_pt_metal216.dds.png;生产材料
44089;被净化的魔力板金手套;icons/costume_gv/nu_m_gv_metal219.dds.png;生产材料
44090;被净化的魔力板金长靴;icons/costume_bo/nu_f_bo_metal216.dds.png;生产材料
44091;蕴含魔力的匕首;icons/icon_item_dagger_0094.dds.png;生产材料
44092;蕴含魔力的单手剑;icons/icon_item_sword_1h_0096.dds.png;生产材料
44093;蕴含魔力的双手剑;icons/icon_item_sword_2h_0074.dds.png;生产材料
44094;蕴含魔力的单手刀;icons/icon_item_blade_1h_0088.dds.png;生产材料
44095;蕴含魔力的双手刀;icons/icon_item_blade_2h_0075.dds.png;生产材料
44096;蕴含魔力的单手斧;icons/icon_item_axe_1h_0089.dds.png;生产材料
44097;蕴含魔力的双手斧;icons/icon_item_axe_2h_0056.dds.png;生产材料
44098;蕴含魔力的单手钝器;icons/icon_item_mace_1h_0084.dds.png;生产材料
44099;蕴含魔力的双手钝器;icons/icon_item_mace_2h_0066.dds.png;生产材料
44100;蕴含魔力的单手枪;icons/icon_item_spear_1h_0086.dds.png;生产材料
44101;蕴含魔力的双手枪;icons/icon_item_spear_2h_0071.dds.png;生产材料
44102;蕴含魔力的单手杖;icons/icon_item_staff_1h_0088.dds.png;生产材料
44103;蕴含魔力的双手杖;icons/icon_item_staff_2h_0052.dds.png;生产材料
44104;蕴含魔力的长弓;icons/icon_item_bow_0091.dds.png;生产材料
44105;蕴含魔力的弦乐器;icons/icon_item_ins_s_0052.dds.png;生产材料
44106;蕴含魔力的管乐器;icons/icon_item_ins_w_0049.dds.png;生产材料
44107;蕴含魔力的盾牌;icons/icon_item_shield_0095.dds.png;生产材料
44108;蕴含魔力的布巾;icons/costume_hm/nu_m_hm_cloth199.dds.png;生产材料
44109;蕴含魔力的布衣;icons/costume_ar/nu_f_ar_cloth199.dds.png;生产材料
44110;蕴含魔力的布裤;icons/costume_pt/nu_f_pt_cloth199.dds.png;生产材料
44111;蕴含魔力的布手套;icons/costume_gv/nu_f_gv_cloth199.dds.png;生产材料
44112;蕴含魔力的布鞋;icons/costume_bo/nu_f_bo_cloth199.dds.png;生产材料
44113;蕴含魔力的皮帽;icons/costume_hm/nu_m_hm_leather199.dds.png;生产材料
44114;蕴含魔力的皮胸甲;icons/costume_ar/nu_m_ar_leather199.dds.png;生产材料
44115;蕴含魔力的皮腿甲;icons/costume_pt/nu_f_pt_leather198.dds.png;生产材料
44116;蕴含魔力的皮手套;icons/costume_gv/nu_m_gv_leather199.dds.png;生产材料
44117;蕴含魔力的皮长靴;icons/costume_bo/nu_m_bo_leather199.dds.png;生产材料
44118;蕴含魔力的板金头盔;icons/costume_hm/nu_m_hm_metal210.dds.png;生产材料
44119;蕴含魔力的板金胸甲;icons/costume_ar/nu_f_ar_metal215.dds.png;生产材料
44120;蕴含魔力的板金腿甲;icons/costume_pt/nu_f_pt_metal216.dds.png;生产材料
44121;蕴含魔力的板金手套;icons/costume_gv/nu_m_gv_metal219.dds.png;生产材料
44122;蕴含魔力的板金长靴;icons/costume_bo/nu_f_bo_metal216.dds.png;生产材料
44589;新月血石晶;icons/icon_item_4160.dds.png;生产材料
44864;强大的巨翼青鸾颌骨;icons/icon_item_4202.dds.png;战利品
44913;冰冻的火焰心脏;icons/icon_item_4260.dds.png;战利品
44914;搏动的火焰心脏;icons/icon_item_4257.dds.png;生产材料
44915;歌颂清风的心脏;icons/icon_item_4258.dds.png;生产材料
44916;咆哮大地的心脏;icons/icon_item_4259.dds.png;战利品
45045;时空裂缝碎片;icons/icon_item_4268.dds.png;战利品
45046;溺死尸的汁液;icons/icon_item_4269.dds.png;战利品
45047;鱼翅;icons/icon_item_4270.dds.png;战利品
45048;半人马的尾巴;icons/icon_item_4271.dds.png;战利品
45049;牛头怪角;icons/icon_item_4272.dds.png;战利品
45050;双头蛇毒牙;icons/icon_item_4273.dds.png;战利品
45051;亡灵的灵魂;icons/icon_item_4274.dds.png;战利品
45052;雪人皮;icons/icon_item_4275.dds.png;战利品
45053;鬼刃刺客的武器碎片;icons/icon_item_4276.dds.png;战利品
45054;巴尔拉巴的碎片;icons/icon_item_4277.dds.png;生产材料
45198;亚历山大的手杖;icons/icon_item_staff_2h_0032.dds.png;战利品
45602;封印的破碎月影;icons/icon_item_0827.dds.png;强化材料
45603;封印的坚硬月影;icons/icon_item_0828.dds.png;强化材料
45604;封印的结实月影;icons/icon_item_0829.dds.png;强化材料
45605;封印的荣光月影;icons/icon_item_0835.dds.png;强化材料
45606;封印的成名月影;icons/icon_item_0836.dds.png;强化材料
45624;封印的名誉月影;icons/icon_item_0835.dds.png;强化材料
45732;受损修复卷轴;icons/icon_item_4408.dds.png;强化材料
45914;武器翻新剂;icons/icon_item_2070.dds.png;强化材料
45915;防具翻新剂;icons/icon_item_2069.dds.png;强化材料
45916;光辉的武器翻新剂;icons/icon_item_2070.dds.png;强化材料
45917;光辉的防具翻新剂;icons/icon_item_2069.dds.png;强化材料
45918;光辉的翻新添加剂;icons/icon_item_4002.dds.png;强化材料
45979;翻新添加剂;icons/icon_item_4001.dds.png;强化材料
46024;光辉的翻新添加剂（绑定）;icons/icon_item_4002.dds.png;强化材料
46025;翻新添加剂（绑定）;icons/icon_item_4001.dds.png;强化材料
46026;特别的翻新添加剂;icons/icon_item_4001.dds.png;强化材料
46067;被深渊浸染的碎片;icons/icon_item_0854.dds.png;战利品
46129;未拆封的装备外形提取催化剂;icons/icon_item_3293.dds.png;生产材料
46151;新月石强化菱石：1阶段;icons/icon_item_4467.dds.png;强化材料
46152;新月石强化菱石：2阶段;icons/icon_item_4467.dds.png;强化材料
46156;新月石晶;icons/icon_item_4469.dds.png;炼金材料
46157;新月石片;icons/icon_item_4470.dds.png;炼金材料
46420;新月石强化菱石：3阶段;icons/icon_item_4467.dds.png;强化材料
46421;新月石强化菱石：4阶段;icons/icon_item_4468.dds.png;强化材料
46422;Luna Charm Rank 5;icons/icon_item_4468.dds.png;强化材料
46428;深邃的新月石强化菱石;icons/icon_item_4467.dds.png;强化材料
46574;被撕裂的红龙鬃毛;icons/icon_item_4522.dds.png;战利品
46682;神秘幸运石;icons/icon_item_3017.dds.png;强化材料
47115;结块的高级香料;icons/icon_item_1763.dds.png;生产材料
47116;结块的健康蔬菜;icons/icon_item_1765.dds.png;生产材料
47117;结块的谷物粉;icons/icon_item_1769.dds.png;生产材料
47118;高浓缩果汁;icons/icon_item_1759.dds.png;生产材料
47119;结块的干花草;icons/icon_item_1762.dds.png;生产材料
47120;结块的熏蒸药材;icons/icon_item_1768.dds.png;生产材料
47347;被深渊侵蚀的碎片;icons/icon_item_4629.dds.png;战利品
47581;新月紫石晶;icons/icon_item_4211.dds.png;炼金材料
47588;新月强化菱石：怒刺;icons/icon_item_1559.dds.png;强化材料
47589;新月强化菱石：悲鸣监狱;icons/icon_item_1559.dds.png;强化材料
47592;新月强化菱石：幻影链条;icons/icon_item_1559.dds.png;强化材料
47593;新月强化菱石：蜘蛛网;icons/icon_item_1559.dds.png;强化材料
47594;新月强化菱石：星空;icons/icon_item_1559.dds.png;强化材料
47595;新月强化菱石：风吟;icons/icon_item_1559.dds.png;强化材料
47929;新月石选择宝箱（绑定）;icons/quest/icon_item_quest169.dds.png;强化材料
35526;快艇建造材料;icons/icon_item_0384.dds.png;生产材料
35527;贸易船建造材料;icons/icon_item_0384.dds.png;生产材料
35528;小型帆船建造材料;icons/icon_item_0384.dds.png;生产材料
35529;中型帆船建造材料;icons/icon_item_0384.dds.png;生产材料
35885;恶灵黄玉;icons/quest/icon_item_quest007.dds.png;生产材料
35887;怨之骨的碎片;icons/icon_item_0177.dds.png;生产材料
35888;禁忌咒术的黑玉;icons/quest/icon_item_quest014.dds.png;生产材料
35889;蕴含邪恶灵魂的水晶球;icons/quest/icon_item_quest021.dds.png;生产材料
35895;利维坦之眼;icons/icon_item_0184.dds.png;生产材料
36602;黄色超级祝福石（绑定）;icons/icon_item_1849.dds.png;强化材料
36604;红色超级祝福石（绑定）;icons/icon_item_1851.dds.png;强化材料
36605;光辉的武器强化卷轴（绑定）;icons/icon_item_1270.dds.png;强化材料
36606;光辉的防具强化卷轴（绑定）;icons/icon_item_1271.dds.png;强化材料
36867;红色祝福石（绑定）;icons/icon_item_1850.dds.png;强化材料
36905;礼物兑换券;icons/quest/icon_item_quest023.dds.png;生产材料
37554;绿色祝福石（绑定）;icons/icon_item_1917.dds.png;强化材料
37893;建筑柱子包;icons/icon_item_1974.dds.png;生产材料
37894;建筑工具包;icons/icon_item_1977.dds.png;生产材料
37895;结尾建筑材料包;icons/icon_item_1976.dds.png;生产材料
37896;建筑石砖包;icons/icon_item_1975.dds.png;生产材料
38087;召唤兽装饰强化卷轴;icons/icon_item_1695.dds.png;强化材料
38600;武器强化卷轴（绑定）;icons/icon_item_1268.dds.png;强化材料
38601;防具强化卷轴（绑定）;icons/icon_item_1269.dds.png;强化材料
38752;紫色祝福石;icons/icon_item_2736.dds.png;强化材料
38754;橘色祝福石;icons/icon_item_2737.dds.png;强化材料
38757;白色祝福石;icons/icon_item_2738.dds.png;强化材料
38758;白色超级祝福石;icons/icon_item_2738.dds.png;强化材料
38814;雾光次元之石;icons/icon_item_2727.dds.png;生产材料
38815;露光次元之石;icons/icon_item_2728.dds.png;生产材料
38835;凝缩魔力的轻盈金属结晶;icons/icon_item_2740.dds.png;生产材料
38836;凝缩魔力的沉重金属结晶;icons/icon_item_2741.dds.png;生产材料
38837;凝缩魔力的木工结晶;icons/icon_item_2743.dds.png;生产材料
38838;凝缩魔力的沉重木工结晶;icons/icon_item_dagger_0027.dds.png;生产材料
38839;凝缩魔力的旋律结晶;icons/icon_item_2744.dds.png;生产材料
38840;凝缩魔力的宝石结晶;icons/icon_item_0157.dds.png;生产材料
38841;凝缩魔力的宝石碎片;icons/icon_item_0288.dds.png;生产材料
38842;凝缩魔力的宝石粉末;icons/icon_item_dagger_0027.dds.png;生产材料
38843;凝缩魔力的布料碎片;icons/icon_item_2745.dds.png;生产材料
38844;凝缩魔力的皮革碎片;icons/icon_item_0285.dds.png;生产材料
38845;凝缩魔力的金属碎片;icons/icon_item_2746.dds.png;生产材料
39097;饰品强化卷轴（绑定）;icons/icon_item_1695.dds.png;强化材料
39100;召唤兽装饰强化卷轴（绑定）;icons/icon_item_1695.dds.png;强化材料
39102;银色超级祝福石;icons/icon_item_2738.dds.png;强化材料
39424;未拆封的神秘幸运石;icons/icon_item_3017.dds.png;强化材料
31727;幻想岛明细表;icons/quest/icon_item_quest023.dds.png;生产材料
31728;幻想岛优秀顾客明细表;icons/quest/icon_item_quest023.dds.png;生产材料
31809;炫光黑珍珠;icons/icon_item_1760.dds.png;生产材料
31810;七彩钻石;icons/icon_item_1761.dds.png;特殊材料
31819;暗晶草之茎;icons/icon_item_1701.dds.png;生产材料
31820;硬胡须草的枝;icons/icon_item_1699.dds.png;生产材料
31821;柔嫩的狐尾草;icons/icon_item_1698.dds.png;生产材料
31822;柔软寒草茎;icons/icon_item_1697.dds.png;生产材料
31823;灼热的干草;icons/icon_item_1700.dds.png;生产材料
31824;闪耀的睫毛苔;icons/icon_item_1702.dds.png;生产材料
31927;光辉的饰品强化卷轴;icons/icon_item_1696.dds.png;强化材料
31928;饰品强化卷轴;icons/icon_item_1695.dds.png;强化材料
31974;黄色祝福石;icons/icon_item_1848.dds.png;强化材料
31975;黄色超级祝福石;icons/icon_item_1848.dds.png;强化材料
31976;红色祝福石;icons/icon_item_1850.dds.png;强化材料
31977;红色超级祝福石;icons/icon_item_1851.dds.png;强化材料
32038;静电叶片;icons/icon_item_1781.dds.png;特殊材料
32060;继承者服装设计书的碎页;icons/icon_item_1146.dds.png;战利品
32061;蕴含魔力的线团;icons/icon_item_0091.dds.png;战利品
32062;赐福者的黑色泪珠;icons/quest/icon_item_quest173.dds.png;战利品
32103;黑色源晶精华;icons/icon_item_4457.dds.png;特殊材料
32104;稳定的石盐碎片;icons/icon_item_1757.dds.png;生产材料
32105;稳定的海水胶状体;icons/icon_item_1755.dds.png;生产材料
32106;稳定的龙骨精华;icons/icon_item_1168.dds.png;特殊材料
32575;突破·新月黄石粉;icons/icon_item_1716.dds.png;生产材料
32576;突破·新月黄石晶;icons/icon_item_1722.dds.png;生产材料
32578;突破·新月黄石片;icons/icon_item_1719.dds.png;生产材料
34238;空白的信纸;icons/icon_item_0233.dds.png;纸张
34239;手写的情书;icons/quest/icon_item_quest023.dds.png;纸张
34323;蓝色祝福石;icons/icon_item_1916.dds.png;强化材料
34563;绿色祝福石;icons/icon_item_1917.dds.png;强化材料
34724;邪恶的黑玉;icons/icon_item_1932.dds.png;生产材料
34725;怨灵沉睡的黑曜石;icons/icon_item_1933.dds.png;生产材料
34726;不详的魔法月石;icons/icon_item_1934.dds.png;生产材料
34727;残忍仪式的蓝宝石;icons/icon_item_1935.dds.png;生产材料
34728;精炼硫磺结晶;icons/icon_item_1936.dds.png;生产材料
34730;变质的盐粉;icons/quest/icon_item_quest011.dds.png;生产材料
34731;凝缩的铅块;icons/icon_item_1938.dds.png;生产材料
34733;赫尔赞的实验日志;icons/icon_item_1947.dds.png;生产材料
34734;伊纳克斯的魔导书;icons/icon_item_1962.dds.png;生产材料
34735;鲁斯塔特的潦草字条;icons/icon_item_0065.dds.png;生产材料
34736;风化的绿柱石书板;icons/icon_item_1940.dds.png;生产材料
34738;小人族骸骨;icons/quest/icon_item_quest123.dds.png;生产材料
34739;连尾蛇石像;icons/icon_item_1941.dds.png;生产材料
34750;金刚的石片;icons/icon_item_0366.dds.png;生产材料
34751;罕乌雷的角;icons/icon_item_1955.dds.png;战利品
34752;巴尔拉巴之焰;icons/icon_item_1956.dds.png;战利品
34753;美杜莎的鳞片;icons/icon_item_1957.dds.png;战利品
34754;突击队长的铁甲碎片;icons/icon_item_1958.dds.png;战利品
34755;噩梦精华;icons/icon_item_1945.dds.png;战利品
34756;有关庭院的记录;icons/icon_item_1959.dds.png;战利品
34757;饱含回忆的罗盘;icons/icon_item_1960.dds.png;战利品
34758;纳扎尔的王冠;icons/icon_item_1949.dds.png;战利品
34759;克拉肯的墨囊;icons/icon_item_1961.dds.png;战利品
34760;安塔伦的血光圣物;icons/icon_item_1946.dds.png;战利品
34761;冰霜萤纱之泪;icons/quest/icon_item_quest139.dds.png;战利品
34762;烈焰之誓之血;icons/quest/icon_item_quest028.dds.png;战利品
34773;非标准建筑柱子包;icons/icon_item_1974.dds.png;生产材料
34774;非标准建筑工具包;icons/icon_item_1977.dds.png;生产材料
34775;非标准结尾建筑材料包;icons/icon_item_1976.dds.png;生产材料
34776;非标准建筑石砖包;icons/icon_item_1975.dds.png;生产材料
35060;远古巨松木材包;icons/icon_item_0568.dds.png;木材
35117;幻化复原剂;icons/icon_item_2039.dds.png;生产材料
35390;八角亭圆柱捆;icons/icon_item_1974.dds.png;生产材料
27540;资格证明书-新手;icons/icon_item_0857.dds.png;生产材料
27541;资格证明书-熟工;icons/icon_item_0857.dds.png;生产材料
27542;资格证明书-工匠;icons/icon_item_0857.dds.png;生产材料
27543;资格证明书-专家;icons/icon_item_0857.dds.png;生产材料
27544;初级捆制作书;icons/icon_item_1125.dds.png;生产材料
27546;活性炼金溶液;icons/icon_item_0290.dds.png;炼金材料
27652;捆包制作书;icons/icon_item_1125.dds.png;生产材料
28187;海光次元之石;icons/icon_item_2729.dds.png;生产材料
28188;深渊结晶;icons/icon_item_1235.dds.png;炼金材料
28189;深渊碎片;icons/icon_item_1236.dds.png;炼金材料
28219;耀眼的闪电之华;icons/icon_item_0991.dds.png;生产材料
28296;光辉的武器强化卷轴;icons/icon_item_1270.dds.png;强化材料
28297;光辉的防具强化卷轴;icons/icon_item_1271.dds.png;强化材料
28298;武器强化卷轴;icons/icon_item_1268.dds.png;强化材料
28299;防具强化卷轴;icons/icon_item_1269.dds.png;强化材料
28305;空卷轴;icons/icon_item_1267.dds.png;特殊材料
28449;品质认证书：良种骏马;icons/icon_item_0857.dds.png;生产材料
28874;摩耳甫斯的头发;icons/icon_item_0033.dds.png;战利品
28914;被封印的时空之痕卷轴碎片;icons/quest/icon_item_quest016.dds.png;战利品
28969;灼烧的阳光之锭;icons/icon_item_1347.dds.png;金属
28970;柔韧的真皮皮革;icons/icon_item_1348.dds.png;皮革
28971;燃烧的云纹布料;icons/icon_item_1346.dds.png;布料
28973;龙牙兵的骨饰;icons/icon_item_1352.dds.png;生产材料
28974;龙骨碎片;icons/icon_item_1353.dds.png;生产材料
28975;燃烧的永恒之火;icons/icon_item_1354.dds.png;生产材料
28976;红龙的链鳞;icons/icon_item_1340.dds.png;生产材料
28977;红龙之心;icons/icon_item_1341.dds.png;生产材料
28978;红龙刺鬃;icons/icon_item_1342.dds.png;战利品
28979;海之泡沫;icons/icon_item_1355.dds.png;战利品
28980;达忽塔之像;icons/icon_item_1357.dds.png;生产材料
28981;翻滚的漩涡;icons/icon_item_1356.dds.png;生产材料
28982;疯狂的灵魂;icons/icon_item_1358.dds.png;战利品
28983;波浪型发夹雏形;icons/costume_hm/nu_m_hm_cloth164.dds.png;生产材料
28984;唤雨帽握把;icons/costume_hm/nu_m_hm_leather217.dds.png;生产材料
28985;风浪注视者护目镜雏形;icons/costume_hm/nu_m_hm_metal208.dds.png;生产材料
28986;时空之痕封印卷轴;icons/icon_item_0004.dds.png;战利品
29165;平静的漩涡;icons/icon_item_1356.dds.png;生产材料
29211;涌动的漩涡;icons/icon_item_1356.dds.png;生产材料
29212;别致的鸡毛;icons/icon_item_0170.dds.png;生产材料
29213;飘扬的永恒之火;icons/icon_item_1354.dds.png;生产材料
29214;燃烧的龙骨碎片;icons/icon_item_1353.dds.png;生产材料
29215;牛头怪的图腾;icons/icon_item_1352.dds.png;生产材料
29216;汹涌的漩涡;icons/icon_item_1355.dds.png;战利品
29217;雪人之泪;icons/icon_item_1352.dds.png;生产材料
29218;凝结的雪人之泪;icons/icon_item_1352.dds.png;生产材料
29219;撕裂的刺鬃碎片;icons/icon_item_1342.dds.png;生产材料
29220;魔化女妖翼翎;icons/icon_item_1352.dds.png;生产材料
29221;女妖翼翎;icons/icon_item_1352.dds.png;生产材料
29222;魍魉的摇篮;icons/icon_item_1352.dds.png;生产材料
29238;高密度纤维木材;icons/icon_item_3210.dds.png;木材
29280;蜜蜡;icons/icon_item_1401.dds.png;炼金材料
29304;草原奶酪;icons/icon_item_0225.dds.png;生产材料
29305;蜂蜜酵素;icons/icon_item_1399.dds.png;生产材料
29306;镇痛药水;icons/icon_item_1400.dds.png;生产材料
29499;亚历山大的手杖;icons/icon_item_staff_2h_0032.dds.png;战利品
29511;克拉肯之眼;icons/icon_item_0184.dds.png;战利品
29512;罕乌雷的心脏;icons/quest/icon_item_quest198.dds.png;战利品
29513;安塔伦的手杖;icons/icon_item_staff_2h_0003.dds.png;战利品
29514;突击队长的灵魂石;icons/quest/icon_item_quest021.dds.png;战利品
29515;巴尔拉巴的魔力石;icons/quest/icon_item_quest073.dds.png;战利品
29612;古龙的碎骨;icons/icon_item_1353.dds.png;生产材料
29767;品质认证书：良种熊崽;icons/icon_item_0857.dds.png;生产材料
30002;蕾娜的戒指;icons/icon_item_ring_0004.dds.png;战利品
30003;格蓝的戒指;icons/icon_item_ring_0004.dds.png;战利品
30004;美杜莎的鳞发;icons/icon_item_0053.dds.png;战利品
30174;端雅布料;icons/icon_item_0058.dds.png;布料
30176;纯朴布料;icons/icon_item_0356.dds.png;布料
30628;巨树原木堆;icons/icon_item_0568.dds.png;木材
30898;切碎的蔬菜;icons/icon_item_1765.dds.png;特殊材料
30899;浓缩的果汁;icons/icon_item_1759.dds.png;特殊材料
30900;晒干的花草;icons/icon_item_1762.dds.png;特殊材料
30901;捣碎的香料;icons/icon_item_1763.dds.png;特殊材料
30902;谷物细粉;icons/icon_item_1769.dds.png;特殊材料
30903;熏蒸的药粉;icons/icon_item_1768.dds.png;特殊材料
30905;干净的肉脯;icons/icon_item_1764.dds.png;特殊材料
31009;新月赤石粉;icons/icon_item_1561.dds.png;生产材料
31010;新月赤石晶;icons/icon_item_1565.dds.png;生产材料
31011;新月赤石片;icons/icon_item_1563.dds.png;生产材料
31012;新月碧石粉;icons/icon_item_1562.dds.png;生产材料
31013;新月碧石晶;icons/icon_item_1566.dds.png;生产材料
31014;新月碧石片;icons/icon_item_1564.dds.png;生产材料
31015;洞察·新月黄石粉;icons/icon_item_1716.dds.png;生产材料
31016;狂怒·新月黄石粉;icons/icon_item_1716.dds.png;生产材料
31017;冷静·新月黄石粉;icons/icon_item_1716.dds.png;生产材料
31018;冷彻·新月黄石粉;icons/icon_item_1716.dds.png;生产材料
31019;怒涛·新月黄石粉;icons/icon_item_1716.dds.png;生产材料
31020;百中·新月黄石粉;icons/icon_item_1716.dds.png;生产材料
31021;愤怒·新月黄石粉;icons/icon_item_1716.dds.png;生产材料
31022;诡诈·新月黄石粉;icons/icon_item_1716.dds.png;生产材料
31023;狡诈·新月黄石粉;icons/icon_item_1716.dds.png;生产材料
31024;威压·新月黄石粉;icons/icon_item_1716.dds.png;生产材料
31025;威胁·新月黄石粉;icons/icon_item_1716.dds.png;生产材料
31026;慈悲·新月黄石粉;icons/icon_item_1716.dds.png;生产材料
31027;慈爱·新月黄石粉;icons/icon_item_1716.dds.png;生产材料
31028;疾风·新月黄石粉;icons/icon_item_1716.dds.png;生产材料
31029;破坏·新月黄石粉;icons/icon_item_1716.dds.png;生产材料
31030;破灭·新月黄石粉;icons/icon_item_1716.dds.png;生产材料
31031;必中·新月黄石粉;icons/icon_item_1716.dds.png;生产材料
31032;洞察·新月黄石晶;icons/icon_item_1722.dds.png;生产材料
31033;狂怒·新月黄石晶;icons/icon_item_1722.dds.png;生产材料
31034;冷静·新月黄石晶;icons/icon_item_1722.dds.png;生产材料
31035;冷彻·新月黄石晶;icons/icon_item_1722.dds.png;生产材料
31036;怒涛·新月黄石晶;icons/icon_item_1722.dds.png;生产材料
31037;百中·新月黄石晶;icons/icon_item_1722.dds.png;生产材料
31038;愤怒·新月黄石晶;icons/icon_item_1722.dds.png;生产材料
31039;诡诈·新月黄石晶;icons/icon_item_1722.dds.png;生产材料
31040;狡诈·新月黄石晶;icons/icon_item_1722.dds.png;生产材料
31041;威压·新月黄石晶;icons/icon_item_1722.dds.png;生产材料
31042;威胁·新月黄石晶;icons/icon_item_1722.dds.png;生产材料
31043;慈悲·新月黄石晶;icons/icon_item_1722.dds.png;生产材料
31044;慈爱·新月黄石晶;icons/icon_item_1722.dds.png;生产材料
31045;疾风·新月黄石晶;icons/icon_item_1722.dds.png;生产材料
31046;破坏·新月黄石晶;icons/icon_item_1722.dds.png;生产材料
31047;破灭·新月黄石晶;icons/icon_item_1722.dds.png;生产材料
31048;必中·新月黄石晶;icons/icon_item_1722.dds.png;生产材料
31049;洞察·新月黄石片;icons/icon_item_1719.dds.png;生产材料
31050;狂怒·新月黄石片;icons/icon_item_1719.dds.png;生产材料
31051;冷静·新月黄石片;icons/icon_item_1719.dds.png;生产材料
31052;冷彻·新月黄石片;icons/icon_item_1719.dds.png;生产材料
31053;怒涛·新月黄石片;icons/icon_item_1719.dds.png;生产材料
31054;百中·新月黄石片;icons/icon_item_1719.dds.png;生产材料
31055;愤怒·新月黄石片;icons/icon_item_1719.dds.png;生产材料
31056;诡诈·新月黄石片;icons/icon_item_1719.dds.png;生产材料
31057;狡诈·新月黄石片;icons/icon_item_1719.dds.png;生产材料
31058;威压·新月黄石片;icons/icon_item_1719.dds.png;生产材料
31059;威胁·新月黄石片;icons/icon_item_1719.dds.png;生产材料
31060;慈悲·新月黄石片;icons/icon_item_1719.dds.png;生产材料
31061;慈爱·新月黄石片;icons/icon_item_1719.dds.png;生产材料
31062;疾风·新月黄石片;icons/icon_item_1719.dds.png;生产材料
31063;破坏·新月黄石片;icons/icon_item_1719.dds.png;生产材料
31064;破灭·新月黄石片;icons/icon_item_1719.dds.png;生产材料
31065;必中·新月黄石片;icons/icon_item_1719.dds.png;生产材料
31066;招架·新月青石粉;icons/icon_item_1715.dds.png;生产材料
31067;闪避·新月青石粉;icons/icon_item_1715.dds.png;生产材料
31068;生机·新月青石粉;icons/icon_item_1715.dds.png;生产材料
31069;神速·新月青石粉;icons/icon_item_1715.dds.png;生产材料
31070;格挡·新月青石粉;icons/icon_item_1715.dds.png;生产材料
31071;魔力·新月青石粉;icons/icon_item_1715.dds.png;生产材料
31072;招架·新月青石晶;icons/icon_item_1721.dds.png;生产材料
31073;闪避·新月青石晶;icons/icon_item_1721.dds.png;生产材料
31074;生机·新月青石晶;icons/icon_item_1721.dds.png;生产材料
31075;神速·新月青石晶;icons/icon_item_1721.dds.png;生产材料
31076;格挡·新月青石晶;icons/icon_item_1721.dds.png;生产材料
31077;魔力·新月青石晶;icons/icon_item_1721.dds.png;生产材料
31078;招架·新月青石片;icons/icon_item_1718.dds.png;生产材料
31079;闪避·新月青石片;icons/icon_item_1718.dds.png;生产材料
31080;生机·新月青石片;icons/icon_item_1718.dds.png;生产材料
31081;神速·新月青石片;icons/icon_item_1718.dds.png;生产材料
31082;格挡·新月青石片;icons/icon_item_1718.dds.png;生产材料
31083;魔力·新月青石片;icons/icon_item_1718.dds.png;生产材料
17774;银锭;icons/icon_item_0325.dds.png;稀有金属
17775;金锭;icons/icon_item_0324.dds.png;稀有金属
17776;源晶锭;icons/icon_item_0282.dds.png;金属
17803;坚韧的桅杆木;icons/icon_item_0036.dds.png;木材
18431;哈羯之泪;icons/icon_item_0306.dds.png;生产材料
18432;一公升的汗水;icons/icon_item_0298.dds.png;生产材料
19020;大海的温暖之息;icons/icon_item_0079.dds.png;炼金材料
19034;打捞袋制作工具;icons/quest/icon_item_quest026.dds.png;生产材料
19402;叶片柔顺剂;icons/icon_item_0641.dds.png;炼金专用油
19403;根茎柔顺剂;icons/icon_item_0642.dds.png;炼金专用油
19404;香花柔顺剂;icons/icon_item_0643.dds.png;炼金专用油
19407;杂质皮革油;icons/icon_item_0649.dds.png;炼金专用油
19408;透明皮革油;icons/icon_item_0650.dds.png;炼金专用油
19409;五彩皮革油;icons/icon_item_0651.dds.png;炼金专用油
19410;浊体翻新剂;icons/icon_item_0645.dds.png;炼金专用油
19411;珍珠翻新剂;icons/icon_item_0646.dds.png;炼金专用油
19412;彩虹翻新剂;icons/icon_item_0647.dds.png;炼金专用油
19413;轻盈的握把;icons/icon_item_dagger_0001.dds.png;生产材料
19414;坚硬的握把;icons/icon_item_dagger_0003.dds.png;生产材料
19415;坚固的握把;icons/icon_item_dagger_0007.dds.png;生产材料
19416;轻盈的盾面;icons/icon_item_shield_0001.dds.png;生产材料
19417;坚硬的盾面;icons/icon_item_shield_0003.dds.png;生产材料
19418;坚固的盾面;icons/icon_item_shield_0002.dds.png;生产材料
19419;笔直的手柄;icons/icon_item_spear_1h_0001.dds.png;生产材料
19420;光滑的手柄;icons/icon_item_spear_2h_0001.dds.png;生产材料
19421;结实的握把;icons/icon_item_spear_2h_0002.dds.png;生产材料
19422;笔直的弓身;icons/icon_item_bow_0001.dds.png;生产材料
19423;光滑的弓身雏形;icons/icon_item_bow_0004.dds.png;生产材料
19424;结实的盾面;icons/icon_item_bow_0005.dds.png;生产材料
19425;粗糙的棍子;icons/icon_item_staff_1h_0001.dds.png;生产材料
19426;纤细的棍子;icons/icon_item_staff_1h_0003.dds.png;生产材料
19427;古风棍子;icons/icon_item_staff_1h_0004.dds.png;生产材料
19428;粗糙的乐器雏形;icons/icon_item_0037.dds.png;生产材料
19429;竹制长竿;icons/icon_item_1127.dds.png;生产材料
19430;铁制长竿;icons/icon_item_1128.dds.png;生产材料
19448;细须柔顺剂;icons/icon_item_0640.dds.png;炼金专用油
19449;胚芽皮革油;icons/icon_item_0648.dds.png;炼金专用油
19450;双花翻新剂;icons/icon_item_0644.dds.png;炼金专用油
19451;弹性长竿;icons/icon_item_1129.dds.png;生产材料
19452;粗劣的手柄;icons/icon_item_spear_1h_0001.dds.png;生产材料
19453;合金长竿;icons/icon_item_1130.dds.png;生产材料
19454;粗劣的扶手;icons/icon_item_dagger_0001.dds.png;生产材料
19455;粗劣的棍子;icons/icon_item_staff_1h_0001.dds.png;生产材料
19456;源晶装饰鱼竿原型;icons/icon_item_1131.dds.png;生产材料
19467;战车炮塔;icons/icon_item_0213.dds.png;生产材料
19477;装备制作工具箱;icons/quest/icon_item_quest070.dds.png;生产材料
20174;凝油;icons/quest/icon_item_quest148.dds.png;生产材料
23710;诺伊的微笑;icons/icon_item_0657.dds.png;金属
23711;德翡纳之光;icons/icon_item_0656.dds.png;稀有金属
23712;血之源晶;icons/icon_item_0658.dds.png;稀有金属
23838;水母毒液;icons/icon_item_0205.dds.png;生产材料
24911;银月之尘;icons/icon_item_0848.dds.png;炼金材料
24912;银月之石;icons/icon_item_0849.dds.png;炼金材料
24913;银月之晶;icons/icon_item_0850.dds.png;炼金材料
24914;银月之华;icons/icon_item_0851.dds.png;炼金材料
26357;牛粪;icons/quest/icon_item_quest066.dds.png;生产材料
26853;原大陆之书;icons/icon_item_0976.dds.png;生产材料
27278;白纸;icons/icon_item_0233.dds.png;特殊材料
14939;杏仁油;icons/icon_item_0309.dds.png;食用油
14940;椰子油;icons/icon_item_0309.dds.png;食用油
14941;芝麻油;icons/icon_item_0309.dds.png;食用油
14942;玉米油;icons/icon_item_0309.dds.png;食用油
14943;牡蛎酱;icons/icon_item_0176.dds.png;调味料
14944;苹果醋;icons/icon_item_0176.dds.png;调味料
14945;葡萄醋;icons/icon_item_0176.dds.png;调味料
14946;椰子醋;icons/icon_item_0176.dds.png;调味料
14947;谷物醋;icons/icon_item_0176.dds.png;调味料
14970;猪油;icons/icon_item_0309.dds.png;食用油
15292;被弄脏的月光土;icons/quest/icon_item_quest104.dds.png;炼金材料
15304;冰凉的蓝色血液;icons/icon_item_0205.dds.png;炼金材料
15314;华彩羽毛;icons/quest/icon_item_quest129.dds.png;炼金材料
15315;艳彩羽毛;icons/quest/icon_item_quest129.dds.png;炼金材料
15318;亡者的头骨;icons/quest/icon_item_quest123.dds.png;炼金材料
15320;闪耀的玻璃碎片;icons/quest/icon_item_quest121.dds.png;炼金材料
15323;哥布林指甲;icons/quest/icon_item_quest112.dds.png;炼金材料
15324;食人魔獠牙;icons/quest/icon_item_quest112.dds.png;炼金材料
15331;兽人的信物：智者;icons/quest/icon_item_quest170.dds.png;炼金材料
15332;兽人的信物：勇者;icons/quest/icon_item_quest170.dds.png;炼金材料
15334;牛头怪角;icons/quest/icon_item_quest111.dds.png;炼金材料
15335;牛头怪蹄;icons/quest/icon_item_quest069.dds.png;炼金材料
15337;石化蜥蜴眼;icons/icon_item_0184.dds.png;炼金材料
15338;忐忑的石心脏;icons/quest/icon_item_quest028.dds.png;炼金材料
15341;螯爪;icons/icon_item_0173.dds.png;炼金材料
15343;狮鹫尾毛;icons/quest/icon_item_quest129.dds.png;炼金材料
15344;长颈鹿蹄;icons/quest/icon_item_quest069.dds.png;炼金材料
15367;阴郁亡者的绝望;icons/quest/icon_item_quest171.dds.png;炼金材料
15369;巨大的蜘蛛网;icons/quest/icon_item_quest020.dds.png;炼金材料
15375;史莱姆唾腺;icons/icon_item_0205.dds.png;炼金材料
15378;美洲狮爪;icons/quest/icon_item_quest112.dds.png;炼金材料
15383;克拉肯之眼;icons/icon_item_0184.dds.png;战利品
15386;万紫千红的叶子;icons/quest/icon_item_quest168.dds.png;炼金材料
15387;蝎子毒腺;icons/icon_item_0205.dds.png;炼金材料
15392;虎爪;icons/quest/icon_item_quest112.dds.png;炼金材料
15415;螳螂皮;icons/icon_item_0172.dds.png;炼金材料
15418;捕蝇草根;icons/icon_item_0151.dds.png;炼金材料
15419;大王花茎;icons/quest/icon_item_quest166.dds.png;炼金材料
15420;曼德拉草根;icons/icon_item_0151.dds.png;炼金材料
15421;含冤之刃;icons/quest/icon_item_quest161.dds.png;炼金材料
15424;双头蛇鳞片;icons/icon_item_0096.dds.png;炼金材料
15435;碎裂的水色幻想;icons/icon_item_0159.dds.png;炼金材料
15436;消散的风之记忆;icons/icon_item_0157.dds.png;炼金材料
15437;佩皮吹管;icons/quest/icon_item_quest033.dds.png;炼金材料
15441;鹰毛;icons/icon_item_0170.dds.png;炼金材料
15442;骏鹰羽毛;icons/icon_item_0170.dds.png;炼金材料
15445;猫头鹰爪;icons/quest/icon_item_quest112.dds.png;炼金材料
15447;乌鸦爪;icons/quest/icon_item_quest112.dds.png;炼金材料
15449;尖喙鸟爪;icons/quest/icon_item_quest112.dds.png;炼金材料
15452;雪狮爪子;icons/quest/icon_item_quest112.dds.png;炼金材料
15453;郊狼爪;icons/quest/icon_item_quest112.dds.png;炼金材料
15454;乌鸦羽毛;icons/icon_item_0170.dds.png;炼金材料
15458;郊狼獠牙;icons/icon_item_0189.dds.png;炼金材料
15464;虎牙;icons/icon_item_0189.dds.png;炼金材料
15467;雪狮獠牙;icons/icon_item_0189.dds.png;炼金材料
15488;乌龟贝壳;icons/quest/icon_item_quest155.dds.png;炼金材料
15490;龙虾贝壳;icons/quest/icon_item_quest155.dds.png;炼金材料
15508;死亡精华;icons/quest/icon_item_quest173.dds.png;炼金材料
15512;奇美拉翅膀;icons/icon_item_0187.dds.png;炼金材料
15513;昆虫薄翼;icons/icon_item_0187.dds.png;炼金材料
15514;有毒蜂针;icons/quest/icon_item_quest041.dds.png;炼金材料
15526;断绝的记忆碎片;icons/quest/icon_item_quest122.dds.png;炼金材料
15530;鹿蹄;icons/quest/icon_item_quest069.dds.png;炼金材料
15531;野牛蹄;icons/quest/icon_item_quest069.dds.png;炼金材料
15621;浮游石;icons/icon_item_0296.dds.png;炼金材料
15632;亚纳锭;icons/icon_item_1167.dds.png;金属
15711;金蛋;icons/icon_item_1440.dds.png;生产材料
15715;火药;icons/quest/icon_item_quest019.dds.png;生产材料
15730;天然橡胶;icons/icon_item_5201.dds.png;橡胶
15765;竹笋;icons/icon_item_1443.dds.png;生产材料
16321;高压石材;icons/icon_item_0349.dds.png;石材
16323;星升石材;icons/icon_item_0351.dds.png;石材
16324;胶合木材;icons/icon_item_0346.dds.png;木材
16325;阳光之锭;icons/icon_item_0280.dds.png;金属
16326;纤维木材;icons/icon_item_0348.dds.png;木材
16327;皮革;icons/icon_item_0352.dds.png;皮革
16328;优质皮革;icons/icon_item_0353.dds.png;皮革
16330;真皮皮革;icons/icon_item_0355.dds.png;皮革
16344;亮纹布料;icons/icon_item_0357.dds.png;布料
16346;云纹布料;icons/icon_item_0359.dds.png;布料
48124;武器辟邪石：不朽;icons/icon_item_3511.dds.png;强化材料
48125;防具辟邪石：不朽;icons/icon_item_3512.dds.png;强化材料
48126;饰品辟邪石：不朽;icons/icon_item_3513.dds.png;强化材料
48130;武器辟邪石碎片：不朽;icons/icon_item_3511.dds.png;强化材料
48131;防具辟邪石碎片：不朽;icons/icon_item_3512.dds.png;强化材料
48132;饰品辟邪石碎片：不朽;icons/icon_item_3513.dds.png;强化材料
48406;注视者青色结晶;icons/icon_item_4770.dds.png;战利品
48407;侵略者黑色结晶;icons/icon_item_4771.dds.png;战利品
48408;捕食者红色结晶;icons/icon_item_4772.dds.png;战利品
48409;破坏神的紫色结晶;icons/icon_item_4773.dds.png;战利品
48450;翻新选择宝箱（绑定）;icons/quest/icon_item_quest169.dds.png;强化材料
48521;光辉的武器翻新剂（绑定）;icons/icon_item_2070.dds.png;强化材料
48522;光辉的防具翻新剂（绑定）;icons/icon_item_2069.dds.png;强化材料
48813;海怪毒牙;icons/icon_item_4812.dds.png;战利品
48814;卡里迪斯的皮;icons/icon_item_4813.dds.png;战利品
48858;武器翻新添加剂（绑定）;icons/icon_item_4001.dds.png;强化材料
48859;防具翻新添加剂（绑定）;icons/icon_item_4815.dds.png;强化材料
48860;光辉的武器翻新添加剂（绑定）;icons/icon_item_4002.dds.png;强化材料
48861;光辉的防具翻新添加剂（绑定）;icons/icon_item_4816.dds.png;强化材料
48862;辟邪武器翻新添加剂;icons/icon_item_4817.dds.png;强化材料
48863;辟邪防具翻新添加剂;icons/icon_item_4818.dds.png;强化材料
48864;幸运的武器翻新添加剂;icons/icon_item_4819.dds.png;强化材料
48865;幸运的防具翻新添加剂;icons/icon_item_4820.dds.png;强化材料
48866;武器翻新添加剂;icons/icon_item_4001.dds.png;强化材料
48867;防具翻新添加剂;icons/icon_item_4815.dds.png;强化材料
48868;光辉的武器翻新添加剂;icons/icon_item_4002.dds.png;强化材料
48869;光辉的防具翻新添加剂;icons/icon_item_4816.dds.png;强化材料
48885;辟邪武器翻新添加剂（绑定）;icons/icon_item_4817.dds.png;强化材料
48886;辟邪防具翻新添加剂（绑定）;icons/icon_item_4818.dds.png;强化材料
48893;幸运的武器翻新添加剂（绑定）;icons/icon_item_4819.dds.png;强化材料
48894;幸运的防具翻新添加剂（绑定）;icons/icon_item_4820.dds.png;强化材料
48903;辟邪翻新添加剂选择宝箱（绑定）;icons/icon_item_3282.dds.png;强化材料
48904;光辉的翻新添加剂选择宝箱（绑定）;icons/icon_item_3278.dds.png;强化材料
48905;翻新添加剂选择宝箱（绑定）;icons/icon_item_3279.dds.png;强化材料
48994;幻化复原剂;icons/icon_item_2039.dds.png;生产材料
49002;装备外形提取催化剂;icons/icon_item_3293.dds.png;生产材料
49239;耀眼的源晶珠;icons/icon_item_4790.dds.png;生产材料
49695;守护者的魔力核心;icons/icon_item_4947.dds.png;战利品
49770;守护者的魔力碎片;icons/icon_item_4948.dds.png;战利品
49775;新月石强化菱石：6阶段;icons/icon_item_4468.dds.png;强化材料
50177;格蓝的怨恨戒指;icons/icon_item_ring_0004.dds.png;战利品
50178;蕾娜的憎恨戒指;icons/icon_item_ring_0004.dds.png;战利品
50180;变化的美杜莎鳞发;icons/icon_item_0053.dds.png;战利品
50415;次元结晶;icons/icon_item_5019.dds.png;战利品
50529;翻新剂选择宝箱;icons/icon_item_2273.dds.png;强化材料
50537;荣光月影选择宝箱;icons/quest/icon_item_quest169.dds.png;强化材料
50546;机甲兵器部件;icons/icon_item_0060.dds.png;战利品
50684;未鉴定的灵魂碎片;icons/icon_item_5001.dds.png;生产材料
50730;光辉的翻新添加剂宝箱（绑定）;icons/icon_item_2374.dds.png;强化材料
51583;武器翻新剂捆;icons/icon_item_2070.dds.png;强化材料
51584;防具翻新剂捆;icons/icon_item_2069.dds.png;强化材料
51594;伊弗南的勇气;icons/icon_item_5140.dds.png;强化材料
51595;伊弗南的忍耐;icons/icon_item_5141.dds.png;强化材料
51596;伊弗南的智慧;icons/icon_item_5142.dds.png;强化材料
51597;命运突破石：1阶段;icons/icon_item_5143.dds.png;强化材料
51598;命运突破石：2阶段;icons/icon_item_5143.dds.png;强化材料
51599;命运突破石：3阶段;icons/icon_item_5143.dds.png;强化材料
51601;染血的娜刹仕鳞片;icons/icon_item_0096.dds.png;强化材料
51602;伊弗南的魔法珠;icons/icon_item_5145.dds.png;强化材料
52138;翻新剂选择宝箱;icons/icon_item_1176.dds.png;强化材料
8002845;Bound Resplendent Solar Temper;icons/icon_item_2070.dds.png;强化材料
8002846;Bound Resplendent Lunar Temper;icons/icon_item_2069.dds.png;强化材料
8002967;Bound Restoration Alembic;icons/icon_item_2039.dds.png;生产材料
8003194;Resplendent Temper Ticket;icons/icon_item_2799.dds.png;强化材料
9000154;Serendipity Stone;icons/icon_item_3017.dds.png;强化材料
9000155;黑暗封印石;icons/icon_item_2969.dds.png;炼金材料
9000156;邪恶封印石;icons/icon_item_2968.dds.png;炼金材料
9000157;剧毒封印石;icons/icon_item_2967.dds.png;炼金材料
9000158;血染封印石;icons/icon_item_2966.dds.png;炼金材料
9000159;无常封印石;icons/icon_item_3150.dds.png;炼金材料
9000279;陌生人的封印石;icons/icon_item_3621.dds.png;炼金材料
9000823;辉光碎片;icons/icon_item_1782.dds.png;炼金材料
9001065;Eternal Breath;icons/icon_item_0658.dds.png;生产材料
9001351;麦哲伦的罗盘碎片;icons/icon_item_1960.dds.png;生产材料
9001352;麦哲伦的罗盘碎片;icons/icon_item_1960.dds.png;生产材料
9001353;麦哲伦的罗盘碎片;icons/icon_item_1960.dds.png;生产材料
9001424;受损修复卷轴碎片;icons/icon_item_4408.dds.png;强化材料
9001532;Solar Temper Pack;icons/icon_item_2070.dds.png;强化材料
9001533;Lesser Tempering Crystal Pack;icons/icon_item_4001.dds.png;强化材料
9001534;Lunar Temper Pack;icons/icon_item_2069.dds.png;强化材料
9001876;亚历山大的手杖;icons/icon_item_staff_2h_0032.dds.png;战利品
9001920;未拆封的神秘幸运石;icons/icon_item_3017.dds.png;强化材料
9001921;Charred Hull Wood;icons/arcustom/custom_speedcar_craft_item_1.dds.png;战利品
9001922;Titanweave Feather Silk;icons/arcustom/custom_speedcar_craft_item_3.dds.png;战利品
9001923;Onyx Motor Oil;icons/arcustom/custom_speedcar_craft_item_4.dds.png;战利品
9001924;Eternal Tree's Living Fibre;icons/arcustom/custom_speedcar_craft_item_5.dds.png;战利品
9001925;Indestructible Sea Rubber;icons/arcustom/custom_speedcar_craft_item_2.dds.png;战利品
9001929;神秘幸运石碎片;icons/icon_item_3399.dds.png;强化材料
9001936;Bound Lunar Temper Pack;icons/icon_item_2069.dds.png;强化材料
9001937;Bound Solar Temper Pack;icons/icon_item_2070.dds.png;强化材料
9001938;Bound Lesser Tempering Crystal Pack;icons/icon_item_4001.dds.png;强化材料
9002049;Bound Armor Anchoring Tempering Charm;icons/icon_item_4818.dds.png;强化材料
9002050;Bound Weapon Anchoring Tempering Charm;icons/icon_item_4817.dds.png;强化材料
9002355;Sealed Superior Glow Lunarite;icons/icon_item_4469.dds.png;炼金材料
9002972;Bound Serendipity Stone Fragment;icons/icon_item_3399.dds.png;强化材料
9003053;Sealed Honorhewn Lunafrost;icons/icon_item_0835.dds.png;强化材料
9003812;英雄的天眷之石;icons/arcustom/ancestral_medal_2.dds.png;强化材料
