3332;Слиток метеоритного железа;icons/icon_item_0855.dds.png;Слиток металла
3360;Резиновое колесо;icons/icon_item_0077.dds.png;Каучук
3407;Пустые заплечные носилки;icons/icon_item_0384.dds.png;Редкий материал
3408;Сахар;icons/icon_item_0085.dds.png;Приправа
3409;Соль;icons/icon_item_0085.dds.png;Приправа
3451;Чешуя василиска;icons/quest/icon_item_quest048.dds.png;Реактив
2191;Коготь летучей мыши;icons/icon_item_0186.dds.png;Реактив
2250;Соевое масло;icons/icon_item_0309.dds.png;Пищевое масло
2251;Оливковое масло;icons/icon_item_0309.dds.png;Пищевое масло
3748;Серебряный порошок;icons/icon_item_0085.dds.png;Реактив
3796;Кровь тролля;icons/quest/icon_item_quest038.dds.png;Реактив
3932;Перо совы;icons/quest/icon_item_quest129.dds.png;Реактив
3939;Ртуть;icons/icon_item_0165.dds.png;Реактив
3940;Перо чайки;icons/quest/icon_item_quest129.dds.png;Реактив
4747;Сертификат торговца;icons/icon_item_0857.dds.png;Редкий материал
1383;Ядовитый порошок;icons/icon_item_0089.dds.png;Реактив
688;Клык дракона;icons/icon_item_0189.dds.png;Реактив
7752;Хвост лисы;icons/quest/icon_item_quest097.dds.png;Реактив
7757;Старый лоскут;icons/icon_item_0065.dds.png;Ткань
7760;Клык кабана;icons/icon_item_0189.dds.png;Реактив
7770;Стебель саррацении;icons/quest/icon_item_quest166.dds.png;Реактив
7771;Слюнная железа саррацении;icons/icon_item_0080.dds.png;Реактив
7773;Тонкий лоскут ткани;icons/icon_item_0065.dds.png;Ткань
7774;Сгусток слизи;icons/quest/icon_item_quest038.dds.png;Реактив
7775;Прочная кожаная веревка;icons/icon_item_0049.dds.png;Кожа
7783;Тусклый след Ветра;icons/quest/icon_item_quest103.dds.png;Реактив
7784;Грязный лоскут ткани;icons/icon_item_0065.dds.png;Ткань
7786;Прозрачный след с клеймом Ветра;icons/quest/icon_item_quest103.dds.png;Реактив
7801;Хвост русалки;icons/icon_item_0105.dds.png;Реактив
7802;Чешуя русалки;icons/icon_item_0053.dds.png;Реактив
7804;Плавник русалки;icons/icon_item_0109.dds.png;Реактив
7836;Хвост ящера;icons/icon_item_0180.dds.png;Реактив
7840;Перо шипастой птицы;icons/icon_item_0170.dds.png;Реактив
7896;Перо гарпии;icons/icon_item_0170.dds.png;Реактив
7897;Коготь гарпии;icons/icon_item_0169.dds.png;Реактив
7909;Хвост крокодила;icons/quest/icon_item_quest159.dds.png;Реактив
7910;Зуб крокодила;icons/icon_item_0189.dds.png;Реактив
7922;Бивень;icons/icon_item_0189.dds.png;Реактив
7933;Ядовитая железа морского жука;icons/icon_item_0080.dds.png;Реактив
7940;Клык тролля;icons/icon_item_0169.dds.png;Реактив
7945;Коготь байяма;icons/icon_item_0169.dds.png;Реактив
7952;Волчий клык;icons/icon_item_0189.dds.png;Реактив
7963;Панцирь байяма;icons/icon_item_0095.dds.png;Реактив
7976;Хвост скорпиона;icons/icon_item_0180.dds.png;Реактив
7987;Перо грифона;icons/quest/icon_item_quest129.dds.png;Реактив
7989;Коготь грифона;icons/icon_item_0169.dds.png;Реактив
7999;Ядовитый гриб;icons/quest/icon_item_quest077.dds.png;Реактив
8011;Зараженная вода;icons/icon_item_0176.dds.png;Реактив
8041;Слиток дельфинада;icons/icon_item_0871.dds.png;Слиток металла
8043;Сверкающая соль;icons/icon_item_0085.dds.png;Приправа
8049;Уксус;icons/icon_item_0176.dds.png;Приправа
8068;Энергия памяти;icons/quest/icon_item_quest103.dds.png;Реактив
8069;Эссенция памяти;icons/icon_item_0082.dds.png;Реактив
8070;Энергия яда;icons/quest/icon_item_quest103.dds.png;Реактив
8071;Эссенция яда;icons/icon_item_0082.dds.png;Реактив
8072;Энергия печали;icons/quest/icon_item_quest103.dds.png;Реактив
8073;Эссенция печали;icons/icon_item_0082.dds.png;Реактив
8074;Энергия исцеления;icons/quest/icon_item_quest103.dds.png;Реактив
8075;Эссенция исцеления;icons/icon_item_0082.dds.png;Реактив
8248;Маленький коготь;icons/icon_item_0169.dds.png;Реактив
8249;Большой коготь;icons/icon_item_0169.dds.png;Реактив
8250;Острый коготь;icons/icon_item_0169.dds.png;Реактив
8251;Заостренный клык;icons/icon_item_0189.dds.png;Реактив
8252;Острый клык;icons/icon_item_0189.dds.png;Реактив
8253;Прочный клык;icons/icon_item_0189.dds.png;Реактив
8254;Порванная ткань;icons/icon_item_0065.dds.png;Ткань
8255;Заплатка;icons/icon_item_0065.dds.png;Ткань
8256;Ткань;icons/icon_item_0356.dds.png;Ткань
8257;Старая веревка;icons/icon_item_0091.dds.png;Ткань
8258;Толстая веревка;icons/icon_item_0091.dds.png;Ткань
8259;Прочный канат;icons/icon_item_0091.dds.png;Ткань
8260;Мятая бумажка;icons/icon_item_0232.dds.png;Бумага
8263;Кристалл утренней звезды;icons/quest/icon_item_quest128.dds.png;Реактив
8264;Кристалл полумесяца;icons/quest/icon_item_quest128.dds.png;Реактив
8265;Кристалл солнца;icons/quest/icon_item_quest128.dds.png;Реактив
8266;Эссенция утренней звезды;icons/quest/icon_item_quest021.dds.png;Реактив
8267;Эссенция полумесяца;icons/quest/icon_item_quest021.dds.png;Реактив
8268;Эссенция солнца;icons/quest/icon_item_quest021.dds.png;Реактив
8269;Энергия утренней звезды;icons/icon_item_0162.dds.png;Реактив
8270;Энергия полумесяца;icons/icon_item_0162.dds.png;Реактив
8271;Энергия солнца;icons/icon_item_0162.dds.png;Реактив
8272;Разбитая кость;icons/icon_item_0181.dds.png;Реактив
8273;Расколотая кость;icons/icon_item_0181.dds.png;Реактив
8274;Прочная кость;icons/icon_item_0181.dds.png;Реактив
8275;Разбитый череп;icons/quest/icon_item_quest123.dds.png;Реактив
8276;Старый череп;icons/quest/icon_item_quest123.dds.png;Реактив
8277;Жуткий череп;icons/quest/icon_item_quest123.dds.png;Реактив
8278;Потрепанная ткань;icons/icon_item_0065.dds.png;Ткань
8279;Жесткая ткань;icons/icon_item_0065.dds.png;Ткань
8280;Мягкая ткань;icons/icon_item_0065.dds.png;Ткань
8281;Порошок хаоса;icons/icon_item_0090.dds.png;Реактив
8282;Порошок порядка;icons/icon_item_0090.dds.png;Реактив
8283;Порошок гармонии;icons/icon_item_0090.dds.png;Реактив
8284;Фрагмент хаоса;icons/quest/icon_item_quest125.dds.png;Реактив
8285;Фрагмент порядка;icons/quest/icon_item_quest125.dds.png;Реактив
8286;Фрагмент гармонии;icons/quest/icon_item_quest125.dds.png;Реактив
8287;Раствор хаоса;icons/icon_item_0080.dds.png;Реактив
8288;Раствор порядка;icons/icon_item_0080.dds.png;Реактив
8289;Раствор гармонии;icons/icon_item_0080.dds.png;Реактив
8299;Сломанный рог;icons/icon_item_0189.dds.png;Реактив
8300;Заостренный рог;icons/icon_item_0189.dds.png;Реактив
8301;Острый рог;icons/icon_item_0189.dds.png;Реактив
8302;Легкое крыло;icons/icon_item_0187.dds.png;Реактив
8303;Плотное крыло;icons/icon_item_0187.dds.png;Реактив
8304;Прочное крыло;icons/icon_item_0187.dds.png;Реактив
8305;Маленький хвост;icons/quest/icon_item_quest159.dds.png;Реактив
8306;Магический хвост демона;icons/quest/icon_item_quest159.dds.png;Реактив
8307;Красивый хвост;icons/quest/icon_item_quest097.dds.png;Реактив
8308;Кристалл мечты;icons/quest/icon_item_quest015.dds.png;Реактив
8309;Кристалл тьмы;icons/quest/icon_item_quest015.dds.png;Реактив
8310;Кристалл света;icons/quest/icon_item_quest015.dds.png;Реактив
8311;Эссенция мечты;icons/quest/icon_item_quest021.dds.png;Реактив
8312;Эссенция тьмы;icons/quest/icon_item_quest021.dds.png;Реактив
8313;Эссенция света;icons/quest/icon_item_quest021.dds.png;Реактив
8314;Энергия мечты;icons/quest/icon_item_quest171.dds.png;Реактив
8315;Энергия тьмы;icons/quest/icon_item_quest171.dds.png;Реактив
8316;Энергия света;icons/quest/icon_item_quest171.dds.png;Реактив
8318;Слиток железа;icons/quest/icon_item_quest053.dds.png;Слиток металла
8319;Прочный сплав;icons/icon_item_0282.dds.png;Слиток металла
8320;Слиток меди;icons/icon_item_0281.dds.png;Слиток металла
8324;Толченый коралл;icons/icon_item_1758.dds.png;Редкий материал
8325;Коралловый жемчуг;icons/icon_item_1756.dds.png;Редкий материал
8326;Чудо-измельчитель консорциума;icons/icon_item_1750.dds.png;Особый материал
8337;Упаковка строительной древесины;icons/icon_item_0041.dds.png;Древесина
8338;Доска;icons/icon_item_0037.dds.png;Древесина
8339;Деревянный стержень;icons/icon_item_0038.dds.png;Древесина
8340;Опилки;icons/icon_item_0039.dds.png;Древесина
8341;Деревянный шест;icons/icon_item_0040.dds.png;Древесина
8342;Фанера;icons/icon_item_0037.dds.png;Древесина
8343;Каменный блок;icons/icon_item_0283.dds.png;Камень
8344;Каменная плита;icons/icon_item_0043.dds.png;Камень
8345;Каменный стержень;icons/icon_item_0044.dds.png;Камень
8346;Каменный порошок;icons/icon_item_0045.dds.png;Камень
8347;Сталагмит;icons/icon_item_0046.dds.png;Камень
8348;Кирпич;icons/icon_item_0284.dds.png;Камень
8349;Кожаная веревка;icons/icon_item_0049.dds.png;Кожа
8350;Кожаный лоскут;icons/icon_item_0050.dds.png;Кожа
8352;Мягкая кожа;icons/icon_item_0285.dds.png;Кожа
8358;Шерсть;icons/icon_item_0065.dds.png;Ткань
8359;Шелк;icons/icon_item_0058.dds.png;Ткань
8360;Натуральный хлопок;icons/icon_item_0056.dds.png;Ткань
8361;Натуральная шерсть;icons/icon_item_0056.dds.png;Ткань
8373;Стеклянная жемчужина;icons/icon_item_0067.dds.png;Флакон
8374;Стеклянная трубка;icons/icon_item_0068.dds.png;Флакон
8377;Лист стекла;icons/icon_item_0071.dds.png;Флакон
8378;Окно;icons/icon_item_0071.dds.png;Флакон
8379;Стеклянный ящик;icons/icon_item_0073.dds.png;Флакон
8380;Бронзовое зеркало;icons/icon_item_0074.dds.png;Флакон
8381;Стеклянное зеркало;icons/icon_item_0074.dds.png;Флакон
8386;Мягкая резина;icons/icon_item_0163.dds.png;Каучук
8387;Резиновая пробка;icons/icon_item_0077.dds.png;Каучук
8388;Резиновая веревка;icons/icon_item_0078.dds.png;Каучук
8389;Прочная резина;icons/icon_item_0077.dds.png;Каучук
8390;Резиновая трубка;icons/quest/icon_item_quest072.dds.png;Каучук
8391;Резиновый пласт;icons/icon_item_0043.dds.png;Каучук
8394;Коготь зверя;icons/icon_item_0169.dds.png;Реактив
8395;Клык зверя;icons/icon_item_0189.dds.png;Реактив
8397;Клубок нити;icons/icon_item_0091.dds.png;Ткань
8399;Кристалл неба;icons/quest/icon_item_quest109.dds.png;Реактив
8400;Эссенция небес;icons/quest/icon_item_quest109.dds.png;Реактив
8401;Энергия небес;icons/quest/icon_item_quest109.dds.png;Реактив
8402;Кость мертвеца;icons/icon_item_0181.dds.png;Реактив
8403;Череп мертвеца;icons/quest/icon_item_quest123.dds.png;Реактив
8404;Магический порошок;icons/icon_item_0153.dds.png;Реактив
8405;Магический осколок;icons/icon_item_0039.dds.png;Реактив
8406;Магический раствор;icons/icon_item_0084.dds.png;Реактив
8410;Рог демона;icons/icon_item_0182.dds.png;Реактив
8411;Крыло демона;icons/icon_item_0187.dds.png;Реактив
8412;Хвост демона;icons/icon_item_0180.dds.png;Реактив
8413;Иллюзорный кристалл;icons/quest/icon_item_quest116.dds.png;Реактив
8414;Иллюзорная эссенция;icons/quest/icon_item_quest116.dds.png;Реактив
8415;Иллюзорная энергия;icons/quest/icon_item_quest116.dds.png;Реактив
8661;Договор с совиной почтой;icons/icon_item_0005.dds.png;Редкий материал
53419;Подношение охотников за удачей;icons/quest/icon_item_quest009.dds.png;Редкий материал
53814;Осколок изначального анадия;icons/icon_item_4948.dds.png;Редкий материал
53815;Анадиевая сфера;icons/icon_item_4947.dds.png;Редкий материал
53816;Фрагмент изначального анадия;icons/icon_item_4835.dds.png;Редкий материал
53817;Анадиевая гемма;icons/icon_item_4836.dds.png;Редкий материал
8000026;Дельфийская пыль;icons/icon_item_2045.dds.png;Редкий материал
8000134;Истекший арендный договор;icons/icon_item_2984.dds.png;Редкий материал
8000165;Эссенция Химериона;icons/icon_item_2994.dds.png;Редкий материал
8000271;Слабый универсальный катализатор;icons/icon_item_2738.dds.png;Материал для улучшения
8000272;Мощный белый универсальный катализатор;icons/icon_item_2738.dds.png;Материал для улучшения
8000487;Основной катализатор;icons/icon_item_1917.dds.png;Материал для улучшения
8000488;Улучшенный основной катализатор;icons/icon_item_1916.dds.png;Материал для улучшения
8000498;Недействительный сертификат независимого ремесленника;icons/icon_item_2985.dds.png;Редкий материал
8000966;Кристалл Мисагона;icons/icon_item_3390.dds.png;Реактив
8000999;Часть Руны закройщика костюмов;icons/icon_item_3399.dds.png;Материал для улучшения
8001000;Упакованная Ирамийская гадальная руна;icons/icon_item_3017.dds.png;Материал для улучшения
8001002;Чистый Радужный хрусталь;icons/icon_item_1761.dds.png;Редкий материал
8001035;Мощный белый универсальный катализатор;icons/icon_item_2738.dds.png;Материал для улучшения
8001094;Разрешение на управление строительством;icons/icon_item_3447.dds.png;Редкий материал
8001130;Мощный серебрянный катализатор;icons/icon_item_2738.dds.png;Материал для улучшения
8001187;Осколок Котла Дару;icons/icon_item_3497.dds.png;Редкий материал
8001189;Тонкий железный лист;icons/icon_item_3498.dds.png;Слиток металла
8001190;Магический раствор;icons/quest/icon_item_quest179.dds.png;Реактив
8001381;Квейсарская эмблема оружейника;icons/icon_item_3505.dds.png;Материал для улучшения
8001382;Квейсарская эмблема бронника;icons/icon_item_3506.dds.png;Материал для улучшения
8001383;Квейсарская эмблема ювелира;icons/icon_item_3507.dds.png;Материал для улучшения
8001384;Квейсарский талисман оружейника: 1.5х;icons/icon_item_3508.dds.png;Материал для улучшения
8001385;Квейсарский талисман бронника: 1.5х;icons/icon_item_3509.dds.png;Материал для улучшения
8001386;Квейсарский талисман ювелира: 1.5х;icons/icon_item_3510.dds.png;Материал для улучшения
8001387;Квейсарский талисман оружейника: 2х;icons/icon_item_3508.dds.png;Материал для улучшения
8001388;Квейсарский талисман бронника: 2х;icons/icon_item_3509.dds.png;Материал для улучшения
8001389;Квейсарский талисман ювелира: 2х;icons/icon_item_3510.dds.png;Материал для улучшения
8001390;Древняя Квейсарская эмблема оружейника;icons/icon_item_3511.dds.png;Материал для улучшения
8001391;Древняя Квейсарская эмблема бронника;icons/icon_item_3512.dds.png;Материал для улучшения
8001392;Древняя Квейсарская эмблема ювелира;icons/icon_item_3513.dds.png;Материал для улучшения
8001393;Древний Квейсарский талисман оружейника: 1.5х;icons/icon_item_3514.dds.png;Материал для улучшения
8001394;Древний Квейсарский талисман бронника: 1.5х;icons/icon_item_3515.dds.png;Материал для улучшения
8001395;Древний Квейсарский талисман ювелира: 1.5х;icons/icon_item_3516.dds.png;Материал для улучшения
8001396;Древний Квейсарский талисман оружейника: 2х;icons/icon_item_3514.dds.png;Материал для улучшения
8001397;Древний Квейсарский талисман бронника: 2х;icons/icon_item_3515.dds.png;Материал для улучшения
8001398;Древний Квейсарский талисман ювелира: 2х;icons/icon_item_3516.dds.png;Материал для улучшения
8001399;Квейсарский осколок оружейника;icons/icon_item_3505.dds.png;Материал для улучшения
8001400;Квейсарский осколок бронника;icons/icon_item_3506.dds.png;Материал для улучшения
8001401;Квейсарский осколок ювелира;icons/icon_item_3507.dds.png;Материал для улучшения
8001402;Древний Квейсарский осколок оружейника;icons/icon_item_3511.dds.png;Материал для улучшения
8001403;Древний Квейсарский осколок бронника;icons/icon_item_3512.dds.png;Материал для улучшения
8001404;Древний Квейсарский осколок ювелира;icons/icon_item_3513.dds.png;Материал для улучшения
8001875;Упакованная руна закройщика костюмов;icons/icon_item_3017.dds.png;Материал для улучшения
8001964;Руна Эфе'рунда;icons/arcustom/ancestral_medal_1.dds.png;Редкий материал
39780;Субстанция света;icons/icon_item_2871.dds.png;Легендарный трофей
39826;Пигмент для гравировки рухнувшей башни;icons/icon_item_1716.dds.png;Редкий материал
39827;Глазурь для гравировки рухнувшей башни;icons/icon_item_1719.dds.png;Редкий материал
39828;Стекло для гравировки рухнувшей башни;icons/icon_item_1722.dds.png;Редкий материал
39829;Пигмент для гравировки расколотого щита;icons/icon_item_1715.dds.png;Редкий материал
39830;Глазурь для гравировки расколотого щита;icons/icon_item_1718.dds.png;Редкий материал
39831;Стекло для гравировки расколотого щита;icons/icon_item_1721.dds.png;Редкий материал
39885;Основной катализатор;icons/icon_item_1917.dds.png;Материал для улучшения
40025;Свиток сильных чар ювелира;icons/icon_item_1696.dds.png;Материал для улучшения
40026;Основной катализатор;icons/icon_item_1917.dds.png;Материал для улучшения
40027;Улучшенный основной катализатор;icons/icon_item_1916.dds.png;Материал для улучшения
40028;Слабый катализатор;icons/icon_item_1848.dds.png;Материал для улучшения
40029;Мощный катализатор;icons/icon_item_1850.dds.png;Материал для улучшения
40200;Холст «Боги и герои»;icons/icon_item_3049.dds.png;Редкий материал
40232;Декларация независимости;icons/icon_item_3140.dds.png;Бумага
40234;Заверенная подписями декларация независимости;icons/icon_item_3141.dds.png;Бумага
40736;Обломок статуи Иштара;icons/icon_item_3148.dds.png;Легендарный трофей
40809;Заготовка для кинжала короля-завоевателя;icons/icon_item_dagger_0094.dds.png;Редкий материал
40810;Заготовка для одноручного меча короля-завоевателя;icons/icon_item_sword_1h_0096.dds.png;Редкий материал
40811;Заготовка для двуручного меча короля-завоевателя;icons/icon_item_sword_2h_0074.dds.png;Редкий материал
40812;Заготовка для одноручного клинка короля-завоевателя;icons/icon_item_blade_1h_0088.dds.png;Редкий материал
40813;Заготовка для двуручного клинка короля-завоевателя;icons/icon_item_blade_2h_0075.dds.png;Редкий материал
40814;Заготовка для боевого топора короля-завоевателя;icons/icon_item_axe_1h_0089.dds.png;Редкий материал
40815;Заготовка для секиры короля-завоевателя;icons/icon_item_axe_2h_0056.dds.png;Редкий материал
40816;Заготовка для молота короля-завоевателя;icons/icon_item_mace_1h_0084.dds.png;Редкий материал
40817;Заготовка для двуручного молота короля-завоевателя;icons/icon_item_mace_2h_0066.dds.png;Редкий материал
40818;Заготовка для копья короля-завоевателя;icons/icon_item_spear_1h_0086.dds.png;Редкий материал
40819;Заготовка для алебарды короля-завоевателя;icons/icon_item_spear_2h_0071.dds.png;Редкий материал
40820;Заготовка для короткого посоха короля-завоевателя;icons/icon_item_staff_1h_0088.dds.png;Редкий материал
40821;Заготовка для боевого посоха короля-завоевателя;icons/icon_item_staff_2h_0052.dds.png;Редкий материал
40822;Заготовка для лука короля-завоевателя;icons/icon_item_bow_0091.dds.png;Редкий материал
40823;Заготовка для лютни короля-завоевателя;icons/icon_item_ins_s_0052.dds.png;Редкий материал
40824;Заготовка для кларнета короля-завоевателя;icons/icon_item_ins_w_0049.dds.png;Редкий материал
40825;Заготовка для щита короля-завоевателя;icons/icon_item_shield_0095.dds.png;Редкий материал
40826;Заготовка для фибулы короля-завоевателя;icons/costume_hm/nu_m_hm_cloth199.dds.png;Редкий материал
40827;Заготовка для легкого дублета короля-завоевателя;icons/costume_ar/nu_f_ar_cloth199.dds.png;Редкий материал
40828;Заготовка для легких поножей короля-завоевателя;icons/costume_pt/nu_f_pt_cloth199.dds.png;Редкий материал
40829;Заготовка для легких перчаток короля-завоевателя;icons/costume_gv/nu_f_gv_cloth199.dds.png;Редкий материал
40830;Заготовка для легких сапог короля-завоевателя;icons/costume_bo/nu_f_bo_cloth199.dds.png;Редкий материал
40831;Заготовка для головного убора короля-завоевателя;icons/costume_hm/nu_m_hm_leather199.dds.png;Редкий материал
40832;Заготовка для мехового жилета короля-завоевателя;icons/costume_ar/nu_m_ar_leather199.dds.png;Редкий материал
40833;Заготовка для кожаных штанов короля-завоевателя;icons/costume_pt/nu_f_pt_leather198.dds.png;Редкий материал
40834;Заготовка для кожаных перчаток короля-завоевателя;icons/costume_gv/nu_m_gv_leather199.dds.png;Редкий материал
40835;Заготовка для меховых сапог короля-завоевателя;icons/costume_bo/nu_m_bo_leather199.dds.png;Редкий материал
40836;Заготовка для железной маски короля-завоевателя;icons/costume_hm/nu_m_hm_metal210.dds.png;Редкий материал
40837;Заготовка для пластинчатого панциря короля-завоевателя;icons/costume_ar/nu_f_ar_metal215.dds.png;Редкий материал
40838;Заготовка для пластинчатых поножей короля-завоевателя;icons/costume_pt/nu_f_pt_metal216.dds.png;Редкий материал
40839;Заготовка для пластинчатых перчаток короля-завоевателя;icons/costume_gv/nu_m_gv_metal219.dds.png;Редкий материал
40840;Заготовка для пластинчатых сапог короля-завоевателя;icons/costume_bo/nu_f_bo_metal216.dds.png;Редкий материал
40842;Грубый сплав;icons/icon_item_0871.dds.png;Слиток металла
40901;tool_Декларация независимости;icons/icon_item_tool.dds.png;Бумага
40902;Эссенция водной стихии;icons/quest/icon_item_quest171.dds.png;Легендарный трофей
40903;Сломанный правый топор Иштара;icons/icon_item_axe_1h_0092.dds.png;Редкий материал
40904;Сломанный левый топор Иштара;icons/icon_item_axe_1h_0093.dds.png;Редкий материал
40916;Бумага для рисования;icons/icon_item_3104.dds.png;Бумага
40917;Мольберт;icons/icon_item_2204.dds.png;Бумага
41172;Свиток чар оружейника;icons/icon_item_1268.dds.png;Материал для улучшения
41173;Свиток чар бронника;icons/icon_item_1269.dds.png;Материал для улучшения
41174;Свиток чар ювелира;icons/icon_item_1695.dds.png;Материал для улучшения
41176;Упакованный Свиток сильных чар оружейника;icons/icon_item_1270.dds.png;Материал для улучшения
41253;Осколок ирамийской гадальной руны;icons/icon_item_3399.dds.png;Материал для улучшения
42084;Талисман оружейника из очищенного акхиума;icons/icon_item_3505.dds.png;Материал для улучшения
42085;Талисман бронника из очищенного акхиума;icons/icon_item_3506.dds.png;Материал для улучшения
42086;Талисман ювелира из очищенного акхиума;icons/icon_item_3507.dds.png;Материал для улучшения
42090;Талисман оружейника из истинного акхиума;icons/icon_item_3511.dds.png;Материал для улучшения
42091;Талисман бронника из истинного акхиума;icons/icon_item_3512.dds.png;Материал для улучшения
42092;Талисман ювелира из истинного акхиума;icons/icon_item_3513.dds.png;Материал для улучшения
42096;Заготовка из очищенного солнечного акхиума;icons/icon_item_3505.dds.png;Материал для улучшения
42097;Заготовка из очищенного лунного акхиума;icons/icon_item_3506.dds.png;Материал для улучшения
42098;Заготовка из очищенного звездного акхиума;icons/icon_item_3507.dds.png;Материал для улучшения
42102;Заготовка из истинного солнечного акхиума;icons/icon_item_3511.dds.png;Материал для улучшения
42103;Заготовка из истинного лунного акхиума;icons/icon_item_3512.dds.png;Материал для улучшения
42104;Заготовка из истинного звездного акхиума;icons/icon_item_3513.dds.png;Материал для улучшения
42342;Душистые листья;icons/icon_item_3598.dds.png;Особый материал
42343;Маслянистые семена;icons/icon_item_3600.dds.png;Особый материал
42824;Упаковка лакированных досок;icons/icon_item_1974.dds.png;Редкий материал
43068;Листья златоцвета;icons/icon_item_3882.dds.png;Редкий материал
43069;Побеги медузника;icons/icon_item_3883.dds.png;Редкий материал
43128;Обломок эфенских доспехов;icons/icon_item_3864.dds.png;Легендарный трофей
43129;Яд кир'фера;icons/icon_item_3887.dds.png;Легендарный трофей
43130;Флакон с ядом кир'фера;icons/icon_item_3863.dds.png;Редкий материал
43131;Эфенские доспехи;icons/icon_item_3888.dds.png;Редкий материал
43445;Сфера огранщика;icons/icon_item_4001.dds.png;Редкий материал
43448;Зеленое эмалевое стекло;icons/icon_item_1721.dds.png;Редкий материал
43463;Желтое эмалевое стекло;icons/icon_item_1722.dds.png;Редкий материал
43468;Бежевое эмалевое стекло;icons/icon_item_1720.dds.png;Редкий материал
43469;Рубиновая заготовка;icons/icon_item_3994.dds.png;Редкий материал
43470;Кварцевая заготовка;icons/icon_item_3995.dds.png;Редкий материал
43471;Янтарная заготовка;icons/icon_item_3996.dds.png;Редкий материал
43472;Турмалиновая заготовка;icons/icon_item_3997.dds.png;Редкий материал
43473;Изумрудная заготовка;icons/icon_item_3998.dds.png;Редкий материал
43474;Бирюзовая заготовка;icons/icon_item_3999.dds.png;Редкий материал
43475;Сапфировая заготовка;icons/icon_item_4000.dds.png;Редкий материал
43586;Бежевая эмалевая глазурь;icons/icon_item_1717.dds.png;Редкий материал
43802;Эфенские доспехи;icons/icon_item_3888.dds.png;Легендарный трофей
43803;Флакон с ядом кир'фера;icons/icon_item_3863.dds.png;Легендарный трофей
44059;Заготовка для закаленного аргенитового кинжала;icons/icon_item_dagger_0094.dds.png;Редкий материал
44060;Заготовка для закаленного аргенитового меча;icons/icon_item_sword_1h_0096.dds.png;Редкий материал
44061;Заготовка для закаленного аргенитового клеймора;icons/icon_item_sword_2h_0074.dds.png;Редкий материал
44062;Заготовка для закаленного аргенитового ятагана;icons/icon_item_blade_1h_0088.dds.png;Редкий материал
44063;Заготовка для закаленного аргенитового палаша;icons/icon_item_blade_2h_0075.dds.png;Редкий материал
44064;Заготовка для закаленного аргенитового боевого топора;icons/icon_item_axe_1h_0089.dds.png;Редкий материал
44065;Заготовка для закаленной аргенитовой секиры;icons/icon_item_axe_2h_0056.dds.png;Редкий материал
44066;Заготовка для закаленной аргенитовой булавы;icons/icon_item_mace_1h_0084.dds.png;Редкий материал
44067;Заготовка для закаленного аргенитового боевого молота;icons/icon_item_mace_2h_0066.dds.png;Редкий материал
44068;Заготовка для закаленного аргенитового копья;icons/icon_item_spear_1h_0086.dds.png;Редкий материал
44069;Заготовка для закаленной аргенитовой алебарды;icons/icon_item_spear_2h_0071.dds.png;Редкий материал
44070;Заготовка для закаленного аргенитового короткого посоха;icons/icon_item_staff_1h_0088.dds.png;Редкий материал
44071;Заготовка для закаленного аргенитового боевого посоха;icons/icon_item_staff_2h_0052.dds.png;Редкий материал
44072;Заготовка для закаленного аргенитового лука;icons/icon_item_bow_0091.dds.png;Редкий материал
44073;Заготовка для закаленной аргенитовой лютни;icons/icon_item_ins_s_0052.dds.png;Редкий материал
44074;Заготовка для закаленного аргенитового кларнета;icons/icon_item_ins_w_0049.dds.png;Редкий материал
44075;Заготовка для закаленного аргенитового щита;icons/icon_item_shield_0095.dds.png;Редкий материал
44076;Заготовка для искаженной диадемы эпохи Хищника;icons/costume_hm/nu_m_hm_cloth199.dds.png;Редкий материал
44077;Заготовка для искаженного камзола эпохи Хищника;icons/costume_ar/nu_f_ar_cloth199.dds.png;Редкий материал
44078;Заготовка для искаженных тканевых поножей эпохи Хищника;icons/costume_pt/nu_f_pt_cloth199.dds.png;Редкий материал
44079;Заготовка для искаженных тканевых перчаток эпохи Хищника;icons/costume_gv/nu_f_gv_cloth199.dds.png;Редкий материал
44080;Заготовка для искаженных тканевых сапог эпохи Хищника;icons/costume_bo/nu_f_bo_cloth199.dds.png;Редкий материал
44081;Заготовка для искаженной фибулы эпохи Хищника;icons/costume_hm/nu_m_hm_leather199.dds.png;Редкий материал
44082;Заготовка для искаженного кожаного нагрудника эпохи Хищника;icons/costume_ar/nu_m_ar_leather199.dds.png;Редкий материал
44083;Заготовка для искаженных кожаных поножей эпохи Хищника;icons/costume_pt/nu_f_pt_leather198.dds.png;Редкий материал
44084;Заготовка для искаженных кожаных перчаток эпохи Хищника;icons/costume_gv/nu_m_gv_leather199.dds.png;Редкий материал
44085;Заготовка для искаженных кожаных сапог эпохи Хищника;icons/costume_bo/nu_m_bo_leather199.dds.png;Редкий материал
44086;Заготовка для искаженного венца эпохи Хищника;icons/costume_hm/nu_m_hm_metal210.dds.png;Редкий материал
44087;Заготовка для искаженного кованого панциря эпохи Хищника;icons/costume_ar/nu_f_ar_metal215.dds.png;Редкий материал
44088;Заготовка для искаженных кованых поножей эпохи Хищника;icons/costume_pt/nu_f_pt_metal216.dds.png;Редкий материал
44089;Заготовка для искаженных кованых перчаток эпохи Хищника;icons/costume_gv/nu_m_gv_metal219.dds.png;Редкий материал
44090;Заготовка для искаженных кованых сапог эпохи Хищника;icons/costume_bo/nu_f_bo_metal216.dds.png;Редкий материал
44091;Заготовка для искусного аргенитового кинжала;icons/icon_item_dagger_0094.dds.png;Редкий материал
44092;Заготовка для искусного аргенитового меча;icons/icon_item_sword_1h_0096.dds.png;Редкий материал
44093;Заготовка для искусного аргенитового клеймора;icons/icon_item_sword_2h_0074.dds.png;Редкий материал
44094;Заготовка для искусного аргенитового ятагана;icons/icon_item_blade_1h_0088.dds.png;Редкий материал
44095;Заготовка для искусного аргенитового палаша;icons/icon_item_blade_2h_0075.dds.png;Редкий материал
44096;Заготовка для искусного аргенитового боевого топора;icons/icon_item_axe_1h_0089.dds.png;Редкий материал
44097;Заготовка для искусной аргенитовой секиры;icons/icon_item_axe_2h_0056.dds.png;Редкий материал
44098;Заготовка для искусной аргенитовой булавы;icons/icon_item_mace_1h_0084.dds.png;Редкий материал
44099;Заготовка для искусного аргенитового боевого молота;icons/icon_item_mace_2h_0066.dds.png;Редкий материал
44100;Заготовка для искусного аргенитового копья;icons/icon_item_spear_1h_0086.dds.png;Редкий материал
44101;Заготовка для искусной аргенитовой алебарды;icons/icon_item_spear_2h_0071.dds.png;Редкий материал
44102;Заготовка для искусного аргенитового короткого посоха;icons/icon_item_staff_1h_0088.dds.png;Редкий материал
44103;Заготовка для искусного аргенитового боевого посоха;icons/icon_item_staff_2h_0052.dds.png;Редкий материал
44104;Заготовка для искусного аргенитового лука;icons/icon_item_bow_0091.dds.png;Редкий материал
44105;Заготовка для искусной аргенитовой лютни;icons/icon_item_ins_s_0052.dds.png;Редкий материал
44106;Заготовка для искусного аргенитового кларнета;icons/icon_item_ins_w_0049.dds.png;Редкий материал
44107;Заготовка для искусного аргенитового щита;icons/icon_item_shield_0095.dds.png;Редкий материал
44108;Заготовка для зловещей диадемы эпохи Хищника;icons/costume_hm/nu_m_hm_cloth199.dds.png;Редкий материал
44109;Заготовка для зловещего камзола эпохи Хищника;icons/costume_ar/nu_f_ar_cloth199.dds.png;Редкий материал
44110;Заготовка для зловещих тканевых поножей эпохи Хищника;icons/costume_pt/nu_f_pt_cloth199.dds.png;Редкий материал
44111;Заготовка для зловещих тканевых перчаток эпохи Хищника;icons/costume_gv/nu_f_gv_cloth199.dds.png;Редкий материал
44112;Заготовка для зловещих тканевых сапог эпохи Хищника;icons/costume_bo/nu_f_bo_cloth199.dds.png;Редкий материал
44113;Заготовка для зловещей фибулы эпохи Хищника;icons/costume_hm/nu_m_hm_leather199.dds.png;Редкий материал
44114;Заготовка для зловещего кожаного нагрудника эпохи Хищника;icons/costume_ar/nu_m_ar_leather199.dds.png;Редкий материал
44115;Заготовка для зловещих кожаных поножей эпохи Хищника;icons/costume_pt/nu_f_pt_leather198.dds.png;Редкий материал
44116;Заготовка для зловещих кожаных перчаток эпохи Хищника;icons/costume_gv/nu_m_gv_leather199.dds.png;Редкий материал
44117;Заготовка для зловещих кожаных сапог эпохи Хищника;icons/costume_bo/nu_m_bo_leather199.dds.png;Редкий материал
44118;Заготовка для зловещего венца эпохи Хищника;icons/costume_hm/nu_m_hm_metal210.dds.png;Редкий материал
44119;Заготовка для зловещего кованого панциря эпохи Хищника;icons/costume_ar/nu_f_ar_metal215.dds.png;Редкий материал
44120;Заготовка для зловещих кованых поножей эпохи Хищника;icons/costume_pt/nu_f_pt_metal216.dds.png;Редкий материал
44121;Заготовка для зловещих кованых перчаток эпохи Хищника;icons/costume_gv/nu_m_gv_metal219.dds.png;Редкий материал
44122;Заготовка для зловещих кованых сапог эпохи Хищника;icons/costume_bo/nu_f_bo_metal216.dds.png;Редкий материал
44589;Розовое эмалевое стекло;icons/icon_item_4160.dds.png;Редкий материал
44864;Клюв Авиары;icons/icon_item_4202.dds.png;Легендарный трофей
44913;Генетический материал дракона;icons/icon_item_4260.dds.png;Легендарный трофей
44914;Крохотный красный дракончик;icons/icon_item_4257.dds.png;Редкий материал
44915;Крохотный зеленый дракончик;icons/icon_item_4258.dds.png;Редкий материал
44916;Крохотный черный дракончик;icons/icon_item_4259.dds.png;Легендарный трофей
45045;Клубок лиловых молний;icons/icon_item_4268.dds.png;Легендарный трофей
45046;Слизь утопленника;icons/icon_item_4269.dds.png;Легендарный трофей
45047;Акулий плавник;icons/icon_item_4270.dds.png;Легендарный трофей
45048;Хвост кентавра;icons/icon_item_4271.dds.png;Легендарный трофей
45049;Рог минотавра;icons/icon_item_4272.dds.png;Легендарный трофей
45050;Клык огненной кобры;icons/icon_item_4273.dds.png;Легендарный трофей
45051;Проклятая душа;icons/icon_item_4274.dds.png;Легендарный трофей
45052;Шкура снежного великана;icons/icon_item_4275.dds.png;Легендарный трофей
45053;Обломок древней секиры;icons/icon_item_4276.dds.png;Легендарный трофей
45054;Тлеющие кости;icons/icon_item_4277.dds.png;Редкий материал
45198;Посох Алесандера;icons/icon_item_staff_2h_0032.dds.png;Легендарный трофей
45602;Лунный камень;icons/icon_item_0827.dds.png;Материал для улучшения
45603;Обработанный лунный камень;icons/icon_item_0828.dds.png;Материал для улучшения
45604;Ограненный лунный камень;icons/icon_item_0829.dds.png;Материал для улучшения
45605;Лунная звезда;icons/icon_item_0835.dds.png;Материал для улучшения
45606;Сияющая лунная звезда;icons/icon_item_0836.dds.png;Материал для улучшения
45624;Запечатанная руна;icons/icon_item_0835.dds.png;Материал для улучшения
45732;Рамианский свиток восстановления;icons/icon_item_4408.dds.png;Материал для улучшения
45914;Эфенский куб оружейника;icons/icon_item_2070.dds.png;Материал для улучшения
45915;Эфенский куб бронника;icons/icon_item_2069.dds.png;Материал для улучшения
45916;Большой эфенский куб оружейника;icons/icon_item_2070.dds.png;Материал для улучшения
45917;Большой эфенский куб бронника;icons/icon_item_2069.dds.png;Материал для улучшения
45918;Большая эфенская сфера;icons/icon_item_4002.dds.png;Материал для улучшения
45979;Эфенская сфера;icons/icon_item_4001.dds.png;Материал для улучшения
46024;Персональная Большая эфенская сфера;icons/icon_item_4002.dds.png;Материал для улучшения
46025;Эфенская сфера;icons/icon_item_4001.dds.png;Материал для улучшения
46026;Янтарная эфенская сфера;icons/icon_item_4001.dds.png;Материал для улучшения
46067;Сплав хаоса;icons/icon_item_0854.dds.png;Легендарный трофей
46129;Стирающий пигмент;icons/icon_item_3293.dds.png;Редкий материал
46151;Заготовка огранщика;icons/icon_item_4467.dds.png;Материал для улучшения
46152;Двойная заготовка огранщика;icons/icon_item_4467.dds.png;Материал для улучшения
46156;Эмалевое стекло;icons/icon_item_4469.dds.png;Реактив
46157;Эмалевая глазурь;icons/icon_item_4470.dds.png;Реактив
46420;Тройная заготовка огранщика;icons/icon_item_4467.dds.png;Материал для улучшения
46421;Четырехгранная заготовка огранщика;icons/icon_item_4468.dds.png;Материал для улучшения
46422;Пятигранная заготовка огранщика;icons/icon_item_4468.dds.png;Материал для улучшения
46428;Хрупкая тройная заготовка огранщика;icons/icon_item_4467.dds.png;Материал для улучшения
46574;Фрагмент огненной чешуи;icons/icon_item_4522.dds.png;Легендарный трофей
46682;Персональная ирамийская гадальная руна;icons/icon_item_3017.dds.png;Материал для улучшения
47115;Молотые специи;icons/icon_item_1763.dds.png;Редкий материал
47116;Нашинкованные овощи;icons/icon_item_1765.dds.png;Редкий материал
47117;Измельченные злаки;icons/icon_item_1769.dds.png;Редкий материал
47118;Свежевыжатый сок;icons/icon_item_1759.dds.png;Редкий материал
47119;Измельченные лепестки цветов;icons/icon_item_1762.dds.png;Редкий материал
47120;Лекарственный порошок;icons/icon_item_1768.dds.png;Редкий материал
47347;Амальгама хаоса;icons/icon_item_4629.dds.png;Легендарный трофей
47581;Лиловое эмалевое стекло;icons/icon_item_4211.dds.png;Реактив
47588;Заготовка огранщика для гравировки морской бездны;icons/icon_item_1559.dds.png;Материал для улучшения
47589;Заготовка огранщика для гравировки пиратской метки;icons/icon_item_1559.dds.png;Материал для улучшения
47592;Заготовка огранщика для гравировки кровавой длани;icons/icon_item_1559.dds.png;Материал для улучшения
47593;Заготовка огранщика для гравировки багровой грозы;icons/icon_item_1559.dds.png;Материал для улучшения
47594;Заготовка огранщика для гравировки северной звезды;icons/icon_item_1559.dds.png;Материал для улучшения
47595;Заготовка огранщика для гравировки «Морского дракона»;icons/icon_item_1559.dds.png;Материал для улучшения
47929;Набор гравировок;icons/quest/icon_item_quest169.dds.png;Материал для улучшения
35526;Материалы для верфей катеров;icons/icon_item_0384.dds.png;Редкий материал
35527;Материалы для верфей торговых шхун;icons/icon_item_0384.dds.png;Редкий материал
35528;Материалы для верфей малых парусников;icons/icon_item_0384.dds.png;Редкий материал
35529;Материалы для верфей средних парусников;icons/icon_item_0384.dds.png;Редкий материал
35885;Затвердевшая смола;icons/quest/icon_item_quest007.dds.png;Редкий материал
35887;Кости захватчика;icons/icon_item_0177.dds.png;Редкий материал
35888;Гадальная руна;icons/quest/icon_item_quest014.dds.png;Редкий материал
35889;Прозрачный речной жемчуг;icons/quest/icon_item_quest021.dds.png;Редкий материал
35895;Глаз Левиафана;icons/icon_item_0184.dds.png;Редкий материал
36602;Слабый универсальный катализатор;icons/icon_item_1849.dds.png;Материал для улучшения
36604;Мощный универсальный катализатор;icons/icon_item_1851.dds.png;Материал для улучшения
36605;Свиток сильных чар оружейника;icons/icon_item_1270.dds.png;Материал для улучшения
36606;Свиток сильных чар бронника;icons/icon_item_1271.dds.png;Материал для улучшения
36867;Мощный катализатор;icons/icon_item_1850.dds.png;Материал для улучшения
36905;Подарочный купон;icons/quest/icon_item_quest023.dds.png;Редкий материал
37554;Основной катализатор;icons/icon_item_1917.dds.png;Материал для улучшения
37893;Упаковка обструганных досок;icons/icon_item_1974.dds.png;Редкий материал
37894;Набор строительных инструментов;icons/icon_item_1977.dds.png;Редкий материал
37895;Упаковка отделочных материалов;icons/icon_item_1976.dds.png;Редкий материал
37896;Упаковка строительного кирпича;icons/icon_item_1975.dds.png;Редкий материал
38087;Свиток чар шорника;icons/icon_item_1695.dds.png;Материал для улучшения
38600;Свиток чар оружейника;icons/icon_item_1268.dds.png;Материал для улучшения
38601;Свиток чар бронника;icons/icon_item_1269.dds.png;Материал для улучшения
38752;Слабый бледно-лиловый катализатор;icons/icon_item_2736.dds.png;Материал для улучшения
38754;Слабый медно-оранжевый катализатор;icons/icon_item_2737.dds.png;Материал для улучшения
38757;Слабый универсальный катализатор;icons/icon_item_2738.dds.png;Материал для улучшения
38758;Мощный универсальный катализатор;icons/icon_item_2738.dds.png;Материал для улучшения
38814;Сердце света;icons/icon_item_2727.dds.png;Редкий материал
38815;Средоточие света;icons/icon_item_2728.dds.png;Редкий материал
38835;Легкий зачарованный сплав;icons/icon_item_2740.dds.png;Редкий материал
38836;Тяжелый зачарованный сплав;icons/icon_item_2741.dds.png;Редкий материал
38837;Брусок зачарованной древесины;icons/icon_item_2743.dds.png;Редкий материал
38838;Зачарованный обломок;icons/icon_item_dagger_0027.dds.png;Редкий материал
38839;Брусок поющей древесины;icons/icon_item_2744.dds.png;Редкий материал
38840;Зачарованный самоцвет;icons/icon_item_0157.dds.png;Редкий материал
38841;Зачарованный кристалл;icons/icon_item_0288.dds.png;Редкий материал
38842;Зачарованный обломок;icons/icon_item_dagger_0027.dds.png;Редкий материал
38843;Лоскут зачарованной материи;icons/icon_item_2745.dds.png;Редкий материал
38844;Лоскут зачарованной кожи;icons/icon_item_0285.dds.png;Редкий материал
38845;Пластина зачарованного металла;icons/icon_item_2746.dds.png;Редкий материал
39097;Свиток чар ювелира;icons/icon_item_1695.dds.png;Материал для улучшения
39100;Свиток чар шорника;icons/icon_item_1695.dds.png;Материал для улучшения
39102;Мерцающий катализатор;icons/icon_item_2738.dds.png;Материал для улучшения
39424;Ирамийская гадальная руна;icons/icon_item_3017.dds.png;Материал для улучшения
31727;Значок славы Миражей;icons/quest/icon_item_quest023.dds.png;Редкий материал
31728;Значок лучшего покупателя Миражей;icons/quest/icon_item_quest023.dds.png;Редкий материал
31809;Радужный жемчуг;icons/icon_item_1760.dds.png;Редкий материал
31810;Радужный хрусталь;icons/icon_item_1761.dds.png;Особый материал
31819;Занданит;icons/icon_item_1701.dds.png;Редкий материал
31820;Побеги дыбоборода;icons/icon_item_1699.dds.png;Редкий материал
31821;Лисохвост;icons/icon_item_1698.dds.png;Редкий материал
31822;Побеги перистого папоротника;icons/icon_item_1697.dds.png;Редкий материал
31823;Листья колючего папоротника;icons/icon_item_1700.dds.png;Редкий материал
31824;Щетинник;icons/icon_item_1702.dds.png;Редкий материал
31927;Свиток сильных чар ювелира;icons/icon_item_1696.dds.png;Материал для улучшения
31928;Свиток чар ювелира;icons/icon_item_1695.dds.png;Материал для улучшения
31974;Слабый катализатор;icons/icon_item_1848.dds.png;Материал для улучшения
31975;Слабый универсальный катализатор;icons/icon_item_1848.dds.png;Материал для улучшения
31976;Мощный катализатор;icons/icon_item_1850.dds.png;Материал для улучшения
31977;Мощный универсальный катализатор;icons/icon_item_1851.dds.png;Материал для улучшения
32038;Клейкий листочек;icons/icon_item_1781.dds.png;Особый материал
32060;Руководство эрнардского портного;icons/icon_item_1146.dds.png;Легендарный трофей
32061;Клубок эрнардской пряжи;icons/icon_item_0091.dds.png;Легендарный трофей
32062;Слеза Эрнарда;icons/quest/icon_item_quest173.dds.png;Легендарный трофей
32103;Акхиумный раствор;icons/icon_item_4457.dds.png;Особый материал
32104;Каменная соль;icons/icon_item_1757.dds.png;Редкий материал
32105;Желатин;icons/icon_item_1755.dds.png;Редкий материал
32106;Щелочной раствор;icons/icon_item_1168.dds.png;Особый материал
32575;Пигмент для гравировки расколотой сферы;icons/icon_item_1716.dds.png;Редкий материал
32576;Стекло для гравировки расколотой сферы;icons/icon_item_1722.dds.png;Редкий материал
32578;Глазурь для гравировки расколотой сферы;icons/icon_item_1719.dds.png;Редкий материал
34238;Пустая записка;icons/icon_item_0233.dds.png;Бумага
34239;Любовная записка;icons/quest/icon_item_quest023.dds.png;Бумага
34323;Улучшенный основной катализатор;icons/icon_item_1916.dds.png;Материал для улучшения
34563;Основной катализатор;icons/icon_item_1917.dds.png;Материал для улучшения
34724;Небольшой кусок обсидиана;icons/icon_item_1932.dds.png;Редкий материал
34725;Крупный кусок обсидиана;icons/icon_item_1933.dds.png;Редкий материал
34726;Опал;icons/icon_item_1934.dds.png;Редкий материал
34727;Бирюза;icons/icon_item_1935.dds.png;Редкий материал
34728;Самородная сера;icons/icon_item_1936.dds.png;Редкий материал
34730;Мышьяк;icons/quest/icon_item_quest011.dds.png;Редкий материал
34731;Кусок свинца;icons/icon_item_1938.dds.png;Редкий материал
34733;Лабораторный журнал Эрдана;icons/icon_item_1947.dds.png;Редкий материал
34734;Книга Игнация;icons/icon_item_1962.dds.png;Редкий материал
34735;Записи Руфуса;icons/icon_item_0065.dds.png;Редкий материал
34736;Каменная табличка;icons/icon_item_1940.dds.png;Редкий материал
34738;Отполированный череп;icons/quest/icon_item_quest123.dds.png;Редкий материал
34739;Символ бесконечности;icons/icon_item_1941.dds.png;Редкий материал
34750;Осколок камня Ячи;icons/icon_item_0366.dds.png;Редкий материал
34751;Рога Сехекмет;icons/icon_item_1955.dds.png;Легендарный трофей
34752;Огненная кисть Сальфирона;icons/icon_item_1956.dds.png;Легендарный трофей
34753;Фрагмент чешуи Ашьяры;icons/icon_item_1957.dds.png;Легендарный трофей
34754;Наплечник рыцаря-узурпатора;icons/icon_item_1958.dds.png;Легендарный трофей
34755;Призрачная материя;icons/icon_item_1945.dds.png;Легендарный трофей
34756;Книга заклинаний Лореи;icons/icon_item_1959.dds.png;Легендарный трофей
34757;Компас «Морского дракона»;icons/icon_item_1960.dds.png;Легендарный трофей
34758;Корона Наджара;icons/icon_item_1949.dds.png;Легендарный трофей
34759;Чернильный мешочек Кракена;icons/icon_item_1961.dds.png;Легендарный трофей
34760;Пламя Анталлона;icons/icon_item_1946.dds.png;Легендарный трофей
34761;Каменное сердце Марли;icons/quest/icon_item_quest139.dds.png;Легендарный трофей
34762;Каменное сердце Морфеоса;icons/quest/icon_item_quest028.dds.png;Легендарный трофей
34773;Упаковка рассохшихся досок;icons/icon_item_1974.dds.png;Редкий материал
34774;Набор заржавевших инструментов;icons/icon_item_1977.dds.png;Редкий материал
34775;Упаковка испорченных материалов;icons/icon_item_1976.dds.png;Редкий материал
34776;Упаковка растрескавшегося кирпича;icons/icon_item_1975.dds.png;Редкий материал
35060;Гигантская связка бревен;icons/icon_item_0568.dds.png;Древесина
35117;Стирающий порошок;icons/icon_item_2039.dds.png;Редкий материал
35390;Упаковка лакированных досок;icons/icon_item_1974.dds.png;Редкий материал
27540;Сертификат качества необычных товаров;icons/icon_item_0857.dds.png;Редкий материал
27541;Сертификат качества редких товаров;icons/icon_item_0857.dds.png;Редкий материал
27542;Сертификат качества уникальных товаров;icons/icon_item_0857.dds.png;Редкий материал
27543;Сертификат качества легендарных товаров;icons/icon_item_0857.dds.png;Редкий материал
27544;Книга с выкройками;icons/icon_item_1125.dds.png;Редкий материал
27546;Ртуть;icons/icon_item_0290.dds.png;Реактив
27652;Книга с выкройками;icons/icon_item_1125.dds.png;Редкий материал
28187;Средоточие стихий;icons/icon_item_2729.dds.png;Редкий материал
28188;Сплав стихий;icons/icon_item_1235.dds.png;Реактив
28189;Осколок хаоса;icons/icon_item_1236.dds.png;Реактив
28219;Клубок молний;icons/icon_item_0991.dds.png;Редкий материал
28296;Свиток сильных чар оружейника;icons/icon_item_1270.dds.png;Материал для улучшения
28297;Свиток сильных чар бронника;icons/icon_item_1271.dds.png;Материал для улучшения
28298;Свиток чар оружейника;icons/icon_item_1268.dds.png;Материал для улучшения
28299;Свиток чар бронника;icons/icon_item_1269.dds.png;Материал для улучшения
28305;Пергамент;icons/icon_item_1267.dds.png;Особый материал
28449;Племенное свидетельство конезаводчика;icons/icon_item_0857.dds.png;Редкий материал
28874;Прядь волос Морфеоса;icons/icon_item_0033.dds.png;Легендарный трофей
28914;Обрывок старинного ритуала;icons/quest/icon_item_quest016.dds.png;Легендарный трофей
28969;Слиток пламенного металла;icons/icon_item_1347.dds.png;Слиток металла
28970;Пламенеющая кожа;icons/icon_item_1348.dds.png;Кожа
28971;Пламенеющая ткань;icons/icon_item_1346.dds.png;Ткань
28973;Украшение из костей экихона;icons/icon_item_1352.dds.png;Редкий материал
28974;Обломок кости дракона;icons/icon_item_1353.dds.png;Редкий материал
28975;Искра драконьего пламени;icons/icon_item_1354.dds.png;Редкий материал
28976;Обломок чешуи красного дракона;icons/icon_item_1340.dds.png;Редкий материал
28977;Сердце красного дракона;icons/icon_item_1341.dds.png;Редкий материал
28978;Огненная чешуя;icons/icon_item_1342.dds.png;Легендарный трофей
28979;Сфера бушующих волн;icons/icon_item_1355.dds.png;Легендарный трофей
28980;Статуэтка Дауты;icons/icon_item_1357.dds.png;Редкий материал
28981;Сфера водяных вихрей;icons/icon_item_1356.dds.png;Редкий материал
28982;Дух безумия;icons/icon_item_1358.dds.png;Легендарный трофей
28983;Чертеж: диадема морской ведьмы;icons/costume_hm/nu_m_hm_cloth164.dds.png;Редкий материал
28984;Выкройка: капитанская треуголка;icons/costume_hm/nu_m_hm_leather217.dds.png;Редкий материал
28985;Схема: очки навигатора;icons/costume_hm/nu_m_hm_metal208.dds.png;Редкий материал
28986;Ритуал призыва Сальфирона;icons/icon_item_0004.dds.png;Легендарный трофей
29165;Безмолвный водоворот;icons/icon_item_1356.dds.png;Редкий материал
29211;Вихревой водоворот;icons/icon_item_1356.dds.png;Редкий материал
29212;Перо довольной курицы;icons/icon_item_0170.dds.png;Редкий материал
29213;Искра танцующего пламени;icons/icon_item_1354.dds.png;Редкий материал
29214;Обломок кости сгоревшего дракона;icons/icon_item_1353.dds.png;Редкий материал
29215;Тотем минотавра;icons/icon_item_1352.dds.png;Редкий материал
29216;Ледяная пена;icons/icon_item_1355.dds.png;Легендарный трофей
29217;Слеза снежного человека;icons/icon_item_1352.dds.png;Редкий материал
29218;Накопленные слезы снежного человека;icons/icon_item_1352.dds.png;Редкий материал
29219;Кусок шипастой гривы;icons/icon_item_1342.dds.png;Редкий материал
29220;Перо из крыла маленькой гарпии;icons/icon_item_1352.dds.png;Редкий материал
29221;Перо из крыла гарпии;icons/icon_item_1352.dds.png;Редкий материал
29222;Колыбель демонов;icons/icon_item_1352.dds.png;Редкий материал
29238;Пламенеющие доски;icons/icon_item_3210.dds.png;Древесина
29280;Пчелиный воск;icons/icon_item_1401.dds.png;Реактив
29304;Зрелый крестьянский сыр;icons/icon_item_0225.dds.png;Редкий материал
29305;Экстракт прополиса;icons/icon_item_1399.dds.png;Редкий материал
29306;Целебная наливка;icons/icon_item_1400.dds.png;Редкий материал
29499;Посох Алесандера;icons/icon_item_staff_2h_0032.dds.png;Легендарный трофей
29511;Глаз кракена;icons/icon_item_0184.dds.png;Легендарный трофей
29512;Сердце Сехекмет;icons/quest/icon_item_quest198.dds.png;Легендарный трофей
29513;Посох Анталлона;icons/icon_item_staff_2h_0003.dds.png;Легендарный трофей
29514;Осколок души рыцаря-узурпатора;icons/quest/icon_item_quest021.dds.png;Легендарный трофей
29515;Лавовый камень Сальфирона;icons/quest/icon_item_quest073.dds.png;Легендарный трофей
29612;Фрагмент драконьих костей;icons/icon_item_1353.dds.png;Редкий материал
29767;Родословная питомца;icons/icon_item_0857.dds.png;Редкий материал
30002;Кольцо Лореи;icons/icon_item_ring_0004.dds.png;Легендарный трофей
30003;Кольцо Гленна;icons/icon_item_ring_0004.dds.png;Легендарный трофей
30004;Чешуя Ашьяры;icons/icon_item_0053.dds.png;Легендарный трофей
30174;Изящная ткань;icons/icon_item_0058.dds.png;Ткань
30176;Простая ткань;icons/icon_item_0356.dds.png;Ткань
30628;Вязанка бревен;icons/icon_item_0568.dds.png;Древесина
30898;Нашинкованные овощи;icons/icon_item_1765.dds.png;Особый материал
30899;Свежевыжатый сок;icons/icon_item_1759.dds.png;Особый материал
30900;Измельченные лепестки цветов;icons/icon_item_1762.dds.png;Особый материал
30901;Молотые специи;icons/icon_item_1763.dds.png;Особый материал
30902;Измельченные злаки;icons/icon_item_1769.dds.png;Особый материал
30903;Лекарственный порошок;icons/icon_item_1768.dds.png;Особый материал
30905;Мясной фарш;icons/icon_item_1764.dds.png;Особый материал
31009;Красный эмалевый пигмент;icons/icon_item_1561.dds.png;Редкий материал
31010;Красное эмалевое стекло;icons/icon_item_1565.dds.png;Редкий материал
31011;Красная эмалевая глазурь;icons/icon_item_1563.dds.png;Редкий материал
31012;Синий эмалевый пигмент;icons/icon_item_1562.dds.png;Редкий материал
31013;Синее эмалевое стекло;icons/icon_item_1566.dds.png;Редкий материал
31014;Синяя эмалевая глазурь;icons/icon_item_1564.dds.png;Редкий материал
31015;Пигмент для гравировки штурмового копья;icons/icon_item_1716.dds.png;Редкий материал
31016;Пигмент для гравировки секиры;icons/icon_item_1716.dds.png;Редкий материал
31017;Пигмент для гравировки натянутого лука;icons/icon_item_1716.dds.png;Редкий материал
31018;Пигмент для двойной гравировки натянутого лука;icons/icon_item_1716.dds.png;Редкий материал
31019;Пигмент для гравировки песочных часов;icons/icon_item_1716.dds.png;Редкий материал
31020;Пигмент для двойной гравировки рыцарского шлема;icons/icon_item_1716.dds.png;Редкий материал
31021;Пигмент для гравировки секиры;icons/icon_item_1716.dds.png;Редкий материал
31022;Пигмент для гравировки дремлющего ока;icons/icon_item_1716.dds.png;Редкий материал
31023;Пигмент для двойной гравировки дремлющего ока;icons/icon_item_1716.dds.png;Редкий материал
31024;Пигмент для двойной гравировки лика Акритеса;icons/icon_item_1716.dds.png;Редкий материал
31025;Пигмент для гравировки лика Акритеса;icons/icon_item_1716.dds.png;Редкий материал
31026;Пигмент для гравировки чаши врачевателя;icons/icon_item_1716.dds.png;Редкий материал
31027;Пигмент для двойной гравировки чаши врачевателя;icons/icon_item_1716.dds.png;Редкий материал
31028;Пигмент для гравировки мчащегося всадника;icons/icon_item_1716.dds.png;Редкий материал
31029;Пигмент для гравировки падающей звезды;icons/icon_item_1716.dds.png;Редкий материал
31030;Пигмент для двойной гравировки падающей звезды;icons/icon_item_1716.dds.png;Редкий материал
31031;Пигмент для гравировки рыцарского шлема;icons/icon_item_1716.dds.png;Редкий материал
31032;Стекло для гравировки штурмового копья;icons/icon_item_1722.dds.png;Редкий материал
31033;Стекло для двойной гравировки секиры;icons/icon_item_1722.dds.png;Редкий материал
31034;Стекло для гравировки натянутого лука;icons/icon_item_1722.dds.png;Редкий материал
31035;Стекло для двойной гравировки натянутого лука;icons/icon_item_1722.dds.png;Редкий материал
31036;Стекло для гравировки песочных часов;icons/icon_item_1722.dds.png;Редкий материал
31037;Стекло для двойной гравировки рыцарского шлема;icons/icon_item_1722.dds.png;Редкий материал
31038;Стекло для гравировки секиры;icons/icon_item_1722.dds.png;Редкий материал
31039;Стекло для гравировки дремлющего ока;icons/icon_item_1722.dds.png;Редкий материал
31040;Стекло для двойной гравировки дремлющего ока;icons/icon_item_1722.dds.png;Редкий материал
31041;Стекло для двойной гравировки лика Акритеса;icons/icon_item_1722.dds.png;Редкий материал
31042;Стекло для гравировки лика Акритеса;icons/icon_item_1722.dds.png;Редкий материал
31043;Стекло для гравировки чаши врачевателя;icons/icon_item_1722.dds.png;Редкий материал
31044;Стекло для двойной гравировки чаши врачевателя;icons/icon_item_1722.dds.png;Редкий материал
31045;Стекло для гравировки мчащегося всадника;icons/icon_item_1722.dds.png;Редкий материал
31046;Стекло для гравировки падающей звезды;icons/icon_item_1722.dds.png;Редкий материал
31047;Стекло для двойной гравировки падающей звезды;icons/icon_item_1722.dds.png;Редкий материал
31048;Стекло для гравировки рыцарского шлема;icons/icon_item_1722.dds.png;Редкий материал
31049;Глазурь для гравировки штурмового копья;icons/icon_item_1719.dds.png;Редкий материал
31050;Глазурь для двойной гравировки секиры;icons/icon_item_1719.dds.png;Редкий материал
31051;Глазурь для гравировки натянутого лука;icons/icon_item_1719.dds.png;Редкий материал
31052;Глазурь для двойной гравировки натянутого лука;icons/icon_item_1719.dds.png;Редкий материал
31053;Глазурь для гравировки песочных часов;icons/icon_item_1719.dds.png;Редкий материал
31054;Глазурь для двойной гравировки рыцарского шлема;icons/icon_item_1719.dds.png;Редкий материал
31055;Глазурь для гравировки секиры;icons/icon_item_1719.dds.png;Редкий материал
31056;Глазурь для гравировки дремлющего ока;icons/icon_item_1719.dds.png;Редкий материал
31057;Глазурь для двойной гравировки дремлющего ока;icons/icon_item_1719.dds.png;Редкий материал
31058;Глазурь для двойной гравировки лика Акритеса;icons/icon_item_1719.dds.png;Редкий материал
31059;Глазурь для гравировки лика Акритеса;icons/icon_item_1719.dds.png;Редкий материал
31060;Глазурь для гравировки чаши врачевателя;icons/icon_item_1719.dds.png;Редкий материал
31061;Глазурь для двойной гравировки чаши врачевателя;icons/icon_item_1719.dds.png;Редкий материал
31062;Глазурь для гравировки мчащегося всадника;icons/icon_item_1719.dds.png;Редкий материал
31063;Глазурь для гравировки падающей звезды;icons/icon_item_1719.dds.png;Редкий материал
31064;Глазурь для двойной гравировки падающей звезды;icons/icon_item_1719.dds.png;Редкий материал
31065;Глазурь для гравировки рыцарского шлема;icons/icon_item_1719.dds.png;Редкий материал
31066;Пигмент для гравировки скрещенных мечей;icons/icon_item_1715.dds.png;Редкий материал
31067;Пигмент для гравировки кошачьей лапки;icons/icon_item_1715.dds.png;Редкий материал
31068;Пигмент для гравировки сердца;icons/icon_item_1715.dds.png;Редкий материал
31069;Пигмент для гравировки смерча;icons/icon_item_1715.dds.png;Редкий материал
31070;Пигмент для гравировки щита;icons/icon_item_1715.dds.png;Редкий материал
31071;Пигмент для гравировки водоворота;icons/icon_item_1715.dds.png;Редкий материал
31072;Стекло для гравировки скрещенных мечей;icons/icon_item_1721.dds.png;Редкий материал
31073;Стекло для гравировки кошачьей лапки;icons/icon_item_1721.dds.png;Редкий материал
31074;Стекло для гравировки сердца;icons/icon_item_1721.dds.png;Редкий материал
31075;Стекло для гравировки смерча;icons/icon_item_1721.dds.png;Редкий материал
31076;Стекло для гравировки щита;icons/icon_item_1721.dds.png;Редкий материал
31077;Стекло для гравировки водоворота;icons/icon_item_1721.dds.png;Редкий материал
31078;Глазурь для гравировки скрещенных мечей;icons/icon_item_1718.dds.png;Редкий материал
31079;Глазурь для гравировки кошачьей лапки;icons/icon_item_1718.dds.png;Редкий материал
31080;Глазурь для гравировки сердца;icons/icon_item_1718.dds.png;Редкий материал
31081;Глазурь для гравировки смерча;icons/icon_item_1718.dds.png;Редкий материал
31082;Глазурь для гравировки щита;icons/icon_item_1718.dds.png;Редкий материал
31083;Глазурь для гравировки водоворота;icons/icon_item_1718.dds.png;Редкий материал
17774;Слиток серебра;icons/icon_item_0325.dds.png;Драгоценный металл
17775;Слиток золота;icons/icon_item_0324.dds.png;Драгоценный металл
17776;Слиток акхиума;icons/icon_item_0282.dds.png;Слиток металла
17803;Мачтовая древесина;icons/icon_item_0036.dds.png;Древесина
18431;Слезы искупления;icons/icon_item_0306.dds.png;Редкий материал
18432;Пот стыда;icons/icon_item_0298.dds.png;Редкий материал
19020;Светящийся шар;icons/icon_item_0079.dds.png;Реактив
19034;Детали для подъемного мешка;icons/quest/icon_item_quest026.dds.png;Редкий материал
19402;Очищенное пропиточное масло;icons/icon_item_0641.dds.png;Алхимическое масло
19403;Процеженное пропиточное масло;icons/icon_item_0642.dds.png;Алхимическое масло
19404;Прозрачное пропиточное масло;icons/icon_item_0643.dds.png;Алхимическое масло
19407;Очищенный лакировочный состав;icons/icon_item_0649.dds.png;Алхимическое масло
19408;Процеженный лакировочный состав;icons/icon_item_0650.dds.png;Алхимическое масло
19409;Прозрачный лакировочный состав;icons/icon_item_0651.dds.png;Алхимическое масло
19410;Очищенное шлифовальное масло;icons/icon_item_0645.dds.png;Алхимическое масло
19411;Процеженное шлифовальное масло;icons/icon_item_0646.dds.png;Алхимическое масло
19412;Прозрачное шлифовальное масло;icons/icon_item_0647.dds.png;Алхимическое масло
19413;Легкая рукоятка;icons/icon_item_dagger_0001.dds.png;Редкий материал
19414;Массивная рукоятка;icons/icon_item_dagger_0003.dds.png;Редкий материал
19415;Прочная рукоятка;icons/icon_item_dagger_0007.dds.png;Редкий материал
19416;Легкий круглый щит;icons/icon_item_shield_0001.dds.png;Редкий материал
19417;Массивный круглый щит;icons/icon_item_shield_0003.dds.png;Редкий материал
19418;Прочный круглый щит;icons/icon_item_shield_0002.dds.png;Редкий материал
19419;Ровный мешок;icons/icon_item_spear_1h_0001.dds.png;Редкий материал
19420;Гладкий мешок;icons/icon_item_spear_2h_0001.dds.png;Редкий материал
19421;Крепкий мешок;icons/icon_item_spear_2h_0002.dds.png;Редкий материал
19422;Ровный округлый лук;icons/icon_item_bow_0001.dds.png;Редкий материал
19423;Гладкий округлый лук;icons/icon_item_bow_0004.dds.png;Редкий материал
19424;Крепкий округлый лук;icons/icon_item_bow_0005.dds.png;Редкий материал
19425;Неуклюжая палка;icons/icon_item_staff_1h_0001.dds.png;Редкий материал
19426;Искусно сделанная палка;icons/icon_item_staff_1h_0003.dds.png;Редкий материал
19427;Старинная палка;icons/icon_item_staff_1h_0004.dds.png;Редкий материал
19428;Неуклюжий округлый музыкальный инструмент;icons/icon_item_0037.dds.png;Редкий материал
19429;Бамбуковое удилище;icons/icon_item_1127.dds.png;Редкий материал
19430;Железное удилище;icons/icon_item_1128.dds.png;Редкий материал
19448;Густое пропиточное масло;icons/icon_item_0640.dds.png;Алхимическое масло
19449;Густой лакировочный состав;icons/icon_item_0648.dds.png;Алхимическое масло
19450;Густое шлифовальное масло;icons/icon_item_0644.dds.png;Алхимическое масло
19451;Латунное удилище;icons/icon_item_1129.dds.png;Редкий материал
19452;Грубо сшитый мешок;icons/icon_item_spear_1h_0001.dds.png;Редкий материал
19453;Позолоченное удилище;icons/icon_item_1130.dds.png;Редкий материал
19454;Грубо сделанная рукоятка;icons/icon_item_dagger_0001.dds.png;Редкий материал
19455;Грубо сделанная палка;icons/icon_item_staff_1h_0001.dds.png;Редкий материал
19456;Акхиумное удилище;icons/icon_item_1131.dds.png;Редкий материал
19467;Орудийная башня;icons/icon_item_0213.dds.png;Редкий материал
19477;Ящик с инструментами для изготовления оборудования;icons/quest/icon_item_quest070.dds.png;Редкий материал
20174;Твердый жир;icons/quest/icon_item_quest148.dds.png;Редкий материал
23710;Чистая слеза Нуи;icons/icon_item_0657.dds.png;Слиток металла
23711;Вспышка дельфината;icons/icon_item_0656.dds.png;Драгоценный металл
23712;Акхиум свежей крови;icons/icon_item_0658.dds.png;Драгоценный металл
23838;Яд медузы;icons/icon_item_0205.dds.png;Редкий материал
24911;Лунная пыль;icons/icon_item_0848.dds.png;Реактив
24912;Лунный слиток;icons/icon_item_0849.dds.png;Реактив
24913;Лунная призма;icons/icon_item_0850.dds.png;Реактив
24914;Лунная эссенция;icons/icon_item_0851.dds.png;Реактив
26357;Коровий навоз;icons/quest/icon_item_quest066.dds.png;Редкий материал
26853;Дельфийская книга об огранке камней;icons/icon_item_0976.dds.png;Редкий материал
27278;Бумага;icons/icon_item_0233.dds.png;Особый материал
14939;Миндальное масло;icons/icon_item_0309.dds.png;Пищевое масло
14940;Кокосовое масло;icons/icon_item_0309.dds.png;Пищевое масло
14941;Кунжутное масло;icons/icon_item_0309.dds.png;Пищевое масло
14942;Кукурузное масло;icons/icon_item_0309.dds.png;Пищевое масло
14943;Устричный соус;icons/icon_item_0176.dds.png;Приправа
14944;Яблочный уксус;icons/icon_item_0176.dds.png;Приправа
14945;Винный уксус;icons/icon_item_0176.dds.png;Приправа
14946;Кокосовый уксус;icons/icon_item_0176.dds.png;Приправа
14947;Зерновой уксус;icons/icon_item_0176.dds.png;Приправа
14970;Свиной жир;icons/icon_item_0309.dds.png;Пищевое масло
15292;Загрязненный песок лунного света;icons/quest/icon_item_quest104.dds.png;Реактив
15304;Холодная голубая кровь;icons/icon_item_0205.dds.png;Реактив
15314;Перо яркой окраски;icons/quest/icon_item_quest129.dds.png;Реактив
15315;Перо насыщенного цвета;icons/quest/icon_item_quest129.dds.png;Реактив
15318;Череп мертвых;icons/quest/icon_item_quest123.dds.png;Реактив
15320;Блестящий осколок стекла;icons/quest/icon_item_quest121.dds.png;Реактив
15323;Ногти гоблина;icons/quest/icon_item_quest112.dds.png;Реактив
15324;Клык огра;icons/quest/icon_item_quest112.dds.png;Реактив
15331;Знак орка: Мудрец;icons/quest/icon_item_quest170.dds.png;Реактив
15332;Знак орка: Храбрец;icons/quest/icon_item_quest170.dds.png;Реактив
15334;Рог минотавра;icons/quest/icon_item_quest111.dds.png;Реактив
15335;Копыто минотавра;icons/quest/icon_item_quest069.dds.png;Реактив
15337;Глаз василиска;icons/icon_item_0184.dds.png;Реактив
15338;Трепещущее каменное сердце;icons/quest/icon_item_quest028.dds.png;Реактив
15341;Клешни;icons/icon_item_0173.dds.png;Реактив
15343;Хвостовое перо грифона;icons/quest/icon_item_quest129.dds.png;Реактив
15344;Копыто жирафа;icons/quest/icon_item_quest069.dds.png;Реактив
15367;Отчаяние унылого мертвеца;icons/quest/icon_item_quest171.dds.png;Реактив
15369;Огромная паутина;icons/quest/icon_item_quest020.dds.png;Реактив
15375;Слюнная железа слайма;icons/icon_item_0205.dds.png;Реактив
15378;Коготь пумы;icons/quest/icon_item_quest112.dds.png;Реактив
15383;Глаз кракена;icons/icon_item_0184.dds.png;Легендарный трофей
15386;Пестрые листья;icons/quest/icon_item_quest168.dds.png;Реактив
15387;Ядовитая железа;icons/icon_item_0205.dds.png;Реактив
15392;Коготь тигра;icons/quest/icon_item_quest112.dds.png;Реактив
15415;Куколка богомола;icons/icon_item_0172.dds.png;Реактив
15418;Корень венериной мухоловки;icons/icon_item_0151.dds.png;Реактив
15419;Стебель раффлезии;icons/quest/icon_item_quest166.dds.png;Реактив
15420;Корень мандрагоры;icons/icon_item_0151.dds.png;Реактив
15421;Клинок обиды;icons/quest/icon_item_quest161.dds.png;Реактив
15424;Чешуя сандуса;icons/icon_item_0096.dds.png;Реактив
15435;Развеянная бирюзовая иллюзия;icons/icon_item_0159.dds.png;Реактив
15436;Воспоминания рассеянного ветра;icons/icon_item_0157.dds.png;Реактив
15437;Ветряной пистолет пеппи;icons/quest/icon_item_quest033.dds.png;Реактив
15441;Соколиное перо;icons/icon_item_0170.dds.png;Реактив
15442;Перо гиппогрифа;icons/icon_item_0170.dds.png;Реактив
15445;Когти совы;icons/quest/icon_item_quest112.dds.png;Реактив
15447;Когти вороны;icons/quest/icon_item_quest112.dds.png;Реактив
15449;Когти птицы-шипоклюва;icons/quest/icon_item_quest112.dds.png;Реактив
15452;Когти снежного льва;icons/quest/icon_item_quest112.dds.png;Реактив
15453;Когти койота;icons/quest/icon_item_quest112.dds.png;Реактив
15454;Перо вороны;icons/icon_item_0170.dds.png;Реактив
15458;Клык койота;icons/icon_item_0189.dds.png;Реактив
15464;Клык тигра;icons/icon_item_0189.dds.png;Реактив
15467;Клык снежного льва;icons/icon_item_0189.dds.png;Реактив
15488;Панцирь черепахи;icons/quest/icon_item_quest155.dds.png;Реактив
15490;Панцирь морского рака;icons/quest/icon_item_quest155.dds.png;Реактив
15508;Эликсир смерти;icons/quest/icon_item_quest173.dds.png;Реактив
15512;Крыло химеры;icons/icon_item_0187.dds.png;Реактив
15513;Тонкое крыло насекомого;icons/icon_item_0187.dds.png;Реактив
15514;Ядовитое пчелиное жало;icons/quest/icon_item_quest041.dds.png;Реактив
15526;Фрагмент обрывочных воспоминаний;icons/quest/icon_item_quest122.dds.png;Реактив
15530;Копыто оленя;icons/quest/icon_item_quest069.dds.png;Реактив
15531;Копыто бизона;icons/quest/icon_item_quest069.dds.png;Реактив
15621;Мерцающий осколок;icons/icon_item_0296.dds.png;Реактив
15632;Слиток анадия;icons/icon_item_1167.dds.png;Слиток металла
15711;Золотое яйцо;icons/icon_item_1440.dds.png;Редкий материал
15715;Порох;icons/quest/icon_item_quest019.dds.png;Редкий материал
15730;Каучуковая смола;icons/icon_item_5201.dds.png;Каучук
15765;Побеги бамбука;icons/icon_item_1443.dds.png;Редкий материал
16321;Гладкий каменный блок;icons/icon_item_0349.dds.png;Камень
16323;Сияющий каменный блок;icons/icon_item_0351.dds.png;Камень
16324;Лакированная древесина;icons/icon_item_0346.dds.png;Древесина
16325;Слиток солнечного металла;icons/icon_item_0280.dds.png;Слиток металла
16326;Мерцающая древесина;icons/icon_item_0348.dds.png;Древесина
16327;Сыромятная кожа;icons/icon_item_0352.dds.png;Кожа
16328;Дубленая кожа;icons/icon_item_0353.dds.png;Кожа
16330;Тисненая кожа;icons/icon_item_0355.dds.png;Кожа
16344;Отбеленная ткань;icons/icon_item_0357.dds.png;Ткань
16346;Пропитанная ткань;icons/icon_item_0359.dds.png;Ткань
48124;Талисман оружейника из изначального акхиума;icons/icon_item_3511.dds.png;Материал для улучшения
48125;Талисман бронника из изначального акхиума;icons/icon_item_3512.dds.png;Материал для улучшения
48126;Талисман ювелира из изначального акхиума;icons/icon_item_3513.dds.png;Материал для улучшения
48130;Заготовка из изначального солнечного акхиума;icons/icon_item_3511.dds.png;Материал для улучшения
48131;Заготовка из изначального лунного акхиума;icons/icon_item_3512.dds.png;Материал для улучшения
48132;Заготовка из изначального звездного акхиума;icons/icon_item_3513.dds.png;Материал для улучшения
48406;Средоточие морей;icons/icon_item_4770.dds.png;Легендарный трофей
48407;Средоточие сумрака;icons/icon_item_4771.dds.png;Легендарный трофей
48408;Средоточие ярости;icons/icon_item_4772.dds.png;Легендарный трофей
48409;Средоточие безумия;icons/icon_item_4773.dds.png;Легендарный трофей
48450;Сундук с эфенскими сферами и кубами;icons/quest/icon_item_quest169.dds.png;Материал для улучшения
48521;Большой эфенский куб оружейника;icons/icon_item_2070.dds.png;Материал для улучшения
48522;Большой эфенский куб бронника;icons/icon_item_2069.dds.png;Материал для улучшения
48813;Клык Калидиса;icons/icon_item_4812.dds.png;Легендарный трофей
48814;Лоскут кожи Калидиса;icons/icon_item_4813.dds.png;Легендарный трофей
48858;Эфенская сфера оружейника;icons/icon_item_4001.dds.png;Материал для улучшения
48859;Эфенская сфера бронника;icons/icon_item_4815.dds.png;Материал для улучшения
48860;Большая эфенская сфера оружейника;icons/icon_item_4002.dds.png;Материал для улучшения
48861;Большая эфенская сфера бронника;icons/icon_item_4816.dds.png;Материал для улучшения
48862;Сверкающая эфенская сфера оружейника;icons/icon_item_4817.dds.png;Материал для улучшения
48863;Сверкающая эфенская сфера бронника;icons/icon_item_4818.dds.png;Материал для улучшения
48864;Драгоценная эфенская сфера оружейника;icons/icon_item_4819.dds.png;Материал для улучшения
48865;Драгоценная эфенская сфера бронника;icons/icon_item_4820.dds.png;Материал для улучшения
48866;Эфенская сфера оружейника;icons/icon_item_4001.dds.png;Материал для улучшения
48867;Эфенская сфера бронника;icons/icon_item_4815.dds.png;Материал для улучшения
48868;Большая эфенская сфера оружейника;icons/icon_item_4002.dds.png;Материал для улучшения
48869;Большая эфенская сфера бронника;icons/icon_item_4816.dds.png;Материал для улучшения
48885;Сверкающая эфенская сфера оружейника;icons/icon_item_4817.dds.png;Материал для улучшения
48886;Сверкающая эфенская сфера бронника;icons/icon_item_4818.dds.png;Материал для улучшения
48893;Драгоценная эфенская сфера оружейника;icons/icon_item_4819.dds.png;Материал для улучшения
48894;Драгоценная эфенская сфера бронника;icons/icon_item_4820.dds.png;Материал для улучшения
48903;Набор сверкающих эфенских сфер;icons/icon_item_3282.dds.png;Материал для улучшения
48904;Набор больших эфенских сфер;icons/icon_item_3278.dds.png;Материал для улучшения
48905;Набор эфенских сфер;icons/icon_item_3279.dds.png;Материал для улучшения
48994;Стирающий порошок;icons/icon_item_2039.dds.png;Редкий материал
49002;Стирающий пигмент;icons/icon_item_3293.dds.png;Редкий материал
49239;Акхиумная сфера;icons/icon_item_4790.dds.png;Редкий материал
49695;Знак хранителя;icons/icon_item_4947.dds.png;Легендарный трофей
49770;Фрагмент знака хранителя;icons/icon_item_4948.dds.png;Легендарный трофей
49775;Шестигранная заготовка огранщика;icons/icon_item_4468.dds.png;Материал для улучшения
50177;Перстень Гленна;icons/icon_item_ring_0004.dds.png;Легендарный трофей
50178;Перстень Лореи;icons/icon_item_ring_0004.dds.png;Легендарный трофей
50180;Потускневшая чешуя Ашьяры;icons/icon_item_0053.dds.png;Легендарный трофей
50415;Осколок кристалла измерений;icons/icon_item_5019.dds.png;Легендарный трофей
50529;Ящик с эфенскими кубами;icons/icon_item_2273.dds.png;Материал для улучшения
50537;Ларец со звездами;icons/quest/icon_item_quest169.dds.png;Материал для улучшения
50546;Стальная чешуйка;icons/icon_item_0060.dds.png;Легендарный трофей
50684;Ларец механика;icons/icon_item_5001.dds.png;Редкий материал
50730;Сундук с большой эфенской сферой;icons/icon_item_2374.dds.png;Материал для улучшения
51583;Набор эфенских кубов оружейника;icons/icon_item_2070.dds.png;Материал для улучшения
51584;Набор эфенских кубов бронника;icons/icon_item_2069.dds.png;Материал для улучшения
51594;Печать силы Эфе;icons/icon_item_5140.dds.png;Материал для улучшения
51595;Печать стойкости Эфе;icons/icon_item_5141.dds.png;Материал для улучшения
51596;Печать мудрости Эфе;icons/icon_item_5142.dds.png;Материал для улучшения
51597;Малый кристалл Эфе;icons/icon_item_5143.dds.png;Материал для улучшения
51598;Средний кристалл Эфе;icons/icon_item_5143.dds.png;Материал для улучшения
51599;Большой кристалл Эфе;icons/icon_item_5143.dds.png;Материал для улучшения
51601;Окровавленная чешуйка;icons/icon_item_0096.dds.png;Материал для улучшения
51602;Золотая печать Эфе;icons/icon_item_5145.dds.png;Материал для улучшения
52138;Ящик с эфенскими кубами;icons/icon_item_1176.dds.png;Материал для улучшения
8002845;Персональный Большой эфенский куб оружейника;icons/icon_item_2070.dds.png;Материал для улучшения
8002846;Персональный Большой эфенский куб бронника;icons/icon_item_2069.dds.png;Материал для улучшения
8002967;Стирающий порошок;icons/icon_item_2039.dds.png;Редкий материал
8003194;Билет Большой эфенской сферы;icons/icon_item_2799.dds.png;Материал для улучшения
9000154;Руна закройщика костюмов;icons/icon_item_3017.dds.png;Материал для улучшения
9000155;Печать тьмы;icons/icon_item_2969.dds.png;Реактив
9000156;Печать зла;icons/icon_item_2968.dds.png;Реактив
9000157;Печать ненависти;icons/icon_item_2967.dds.png;Реактив
9000158;Печать крови;icons/icon_item_2966.dds.png;Реактив
9000159;Печать неопределенности;icons/icon_item_3150.dds.png;Реактив
9000279;Печать странника;icons/icon_item_3621.dds.png;Реактив
9000823;Сверкающий осколок;icons/icon_item_1782.dds.png;Реактив
9001065;Дыхание Дракона;icons/icon_item_0658.dds.png;Редкий материал
9001351;Осколок компаса Магеллана;icons/icon_item_1960.dds.png;Редкий материал
9001352;Осколок компаса Магеллана;icons/icon_item_1960.dds.png;Редкий материал
9001353;Осколок компаса Магеллана;icons/icon_item_1960.dds.png;Редкий материал
9001424;Обрывок Рамианского свитка восстановления;icons/icon_item_4408.dds.png;Материал для улучшения
9001532;Упаковка эфенских кубов оружейника;icons/icon_item_2070.dds.png;Материал для улучшения
9001533;Упаковка янтарных эфенских сфер;icons/icon_item_4001.dds.png;Материал для улучшения
9001534;Упаковка эфенских кубов бронника;icons/icon_item_2069.dds.png;Материал для улучшения
9001876;Посох Алесандера;icons/icon_item_staff_2h_0032.dds.png;Легендарный трофей
9001920;Упакованная ирамийская гадальная руна;icons/icon_item_3017.dds.png;Материал для улучшения
9001921;Обожженная корпусная древесина;icons/arcustom/custom_speedcar_craft_item_1.dds.png;Легендарный трофей
9001922;Ткань из перьев гиганта;icons/arcustom/custom_speedcar_craft_item_3.dds.png;Легендарный трофей
9001923;Черное машинное масло;icons/arcustom/custom_speedcar_craft_item_4.dds.png;Легендарный трофей
9001924;Живые волокна вечного древа;icons/arcustom/custom_speedcar_craft_item_5.dds.png;Легендарный трофей
9001925;Неразрушимая морская резина;icons/arcustom/custom_speedcar_craft_item_2.dds.png;Легендарный трофей
9001929;Осколок упакованной ирамийской гадальной руны;icons/icon_item_3399.dds.png;Материал для улучшения
9001936;Упаковка эфенских кубов бронника;icons/icon_item_2069.dds.png;Материал для улучшения
9001937;Упаковка эфенских кубов оружейника;icons/icon_item_2070.dds.png;Материал для улучшения
9001938;Упаковка янтарных эфенских сфер;icons/icon_item_4001.dds.png;Материал для улучшения
9002049;Персональная Сверкающая эфенская сфера бронника;icons/icon_item_4818.dds.png;Материал для улучшения
9002050;Персональная Сверкающая эфенская сфера оружейника;icons/icon_item_4817.dds.png;Материал для улучшения
9002355;Запечатанное Эмалевое стекло;icons/icon_item_4469.dds.png;Реактив
9002972;Обломок ирамийской гадальной руны;icons/icon_item_3399.dds.png;Материал для улучшения
9003053;Sealed Honorhewn Lunafrost;icons/icon_item_0835.dds.png;Материал для улучшения
9003812;Героическая руна закройщика;icons/arcustom/ancestral_medal_2.dds.png;Материал для улучшения
