182;Not in My Town
205;Get Off My Lawn
213;Clearing Your Name
224;Bearer of Bad News
330;Exciting News
556;Seachild Protective Services
990;An Unexpected Messenger
1000;The Death of a Hero
1001;The Sages' Council
1005;Mikael Ynga's Masterpiece
1057;Yawnsliver Plains
1079;The Hero This City Deserves
1082;Tastes Like Chicken
1089;Fear the Reaper
1112;An Ancient Tradition
1113;The Road to Fortune-Telling
1117;Quarry Cleanup
1140;Contamination Retaliation
1165;Working the Fields
1176;Machinehead
1177;The Only Acceptable Solution
1178;Captain Planet
1180;Kobowled Over
1181;Riverdance
1185;Whack-a-Mole
1186;Slumdog Killionaire
1187;The Road to Gnollwhere
1188;On the Hunt
1189;Ultra-Super Dead
1190;Wild West
1191;Rolling Snake Eyes
1194;Gnoll Gnasher
1195;Demonhunter
1196;Antivenom
1197;King of the Craters
1198;Lord of the Lava
1199;Toil and Trouble
1200;Bloodhandled
1201;Are You the Gatekeeper?
1202;Master the Mansion
1203;War's Over, Guys
1205;Snakes On A Plain
1206;Fresh Aier
1207;Rustler Resolution
1208;Bleakfix
1209;Village Abridged
1210;Star Fox
1212;Coming of Age
1213;The Training Grounds
1222;The Trials Begin
1226;Scaelkiller
1254;The Necromancer's Face
1257;Seller of Souls
1366;Fire Fighter
1401;Cannons for Questions
1409;Ruler of the Rock
1424;An Unexpected Reunion
1525;The Bloodhands' Agenda
1572;Golgi's Curse
1574;Facing the Mahra
1853;Paddywhacker
1929;The Hidden Temple
1932;Looking to the Future
1934;Delivered at Last
1937;Armored Ambassador
2058;Dead After Dark
2099;Winter Predators
2100;A Tribe Called Kill Quest
2103;Barley Worth the Effort
2104;Barley Thieves
2105;Kill What Ales You
2108;Forest Wisp-ers
2109;Warlockdown
2110;Aspirations
2111;Minion Mashing
2112;Moonshade Avenged
2113;Howl At the Moon
2114;Deader-swords
2115;Deadswords
2116;Mist-taken
2117;War on Warlocks
2118;Gorgone
2119;Jamerath Down
2120;Treant Treaty
2121;Grubbin'
2122;Logging the Kills
2255;The Golden Mark
2256;Divine Intervention
2257;Warning the Villagers
2258;An Urgent Message
2259;The General's Orders
2260;Battle by the Bay
2261;Truth Extraction
2262;The Search for Sloane
2263;A Deadly Plot
2264;Sloane's Secret
2265;A Dead Man's Wish
2266;Flora's Lament
2300;The Cliffs of Rebirth
2309;Name of the Shaman
2315;Soul-Cleansing
2326;Ghosts in the Mist
2328;Into the Deep
2349;Contacting the Shadowhawks
2350;Your First Contact
2354;A Morbid Memento
2370;Red Tide
2374;Guerilla in the Mist
2385;The Field of Honor
2386;Choose Your Challenger
2387;To the Tournament
2388;Choose Your Weapon
2389;A Chance for Justice
2391;The Eye of Truth
2392;Belion's Request
2394;Searching for Answers
2396;A Worthy Opponent
2397;The Missing Messenger
2398;Menacing Mushrooms
2399;A Nation Spurned
2401;A Meeting in Memoria
2403;Far From Home
2423;The Windwhips' Chest
2424;Song of Tigerseye
2425;The Madame's Mansion
2438;Painting the Roses Dead
2440;Two Legs Good, Four Legs Bad
2480;The Nymphs of Sylvan Devi
2485;The Price of Friendship
2486;Tragedy in Riverspan
2488;A Mother's Tale
2489;The Wizard Malphus
2490;The Hunt Is On
2491;To the Hellsdame Oasis
2492;The Bloodhand Camp
2494;The Bloodhands' Warehouse
2495;A Message from Marian
2496;A Sudden Farewell
2498;The Forest of the Dead
2500;Safety in Soulreath
2504;Protector of the Greenwood
2505;A Familiar Face
2506;Presents and Politics
2507;Glittering Prizes
2508;A Sage Obsessed
2511;Cleansing Chimeran Marsh
2512;Giant Slayer
2518;Ghostly Guardian
2519;To Catch a Thief
2520;Eluna's Misfortune
2522;Lord Graillent
2523;Stabbin' on the Lake
2524;Lord Graillent's Test
2525;A Failed Alliance
2526;A True Survivor
2527;The Road to Dewstone
2531;The Prophet Terrien
2532;A Mysterious Visitor
2542;Guardin' White Arden
2543;More Like Fundead
2544;Live by the Sword, Die by the Dozens
2545;Down by the River
2546;Field Ham
2547;You've Made a Grave Mistake
2548;Gag Order
2549;Stop Ruining the Ruins!
2550;Scary Ferry
2551;Zombie Killer
2552;Red Dead Revolting
2553;Druidic Decimation
2554;Bird Brainer
2555;Beak Basher
2556;Tut Tut, Looks Like Pain
2557;Spelunkiller
2562;Down, Boy
2569;Dirt Nap
2570;Tell Me About the Rabbits, George
2573;Four Finger Discount
2575;Who Ya Gonna Call?
2578;Smooth as Silk
2579;Swiss Guard
2685;Cult Crasher
2686;Dead Calm
2687;Caravan Commando
2688;Stop Herding Yourself
2689;And Stay Down
2690;They Should Call It Bare Mountain
2691;Your Ashes Are Safe Now
2692;Wingin' It
2693;Mine Control
2702;It's Grrr-eat!
2703;On Order of the Queen
2704;Overly Suspicious
2705;Where The Buffalo Roam
2706;Crikey!
2707;Sands Out Of Time
2708;Silence the Sirens
2709;Chest Thumping
2711;Dune Buggies
2712;A Reptile Dysfunction
2713;Ant Farming
2714;The Knife Aquatic
2715;Time For A Crab Boil
2716;Not-so-Kobold
2718;Grounded
2720;Buccaneer Bouncer
2721;Birds of a Feather Die Together
2722;Roadkill
2723;There Are No Good Guys
2724;Nobody Walks Away
2725;Rest in Pieces
2726;Killabunga
2727;Kickash
2728;You and What Army
2729;Welcome to the Painary
2730;Orc Camp Crusher
2733;Matadorable
2739;Pint-sized Punishment
2740;Your Money and Your Life
2741;Road Warrior
2742;From Trouble to Rubble
2743;Notice of Termination
2744;Pest Control
2745;Pick on Someone Your Own Size
2746;Feelin' Antsy
2747;Rock Steady
2748;Bandit Basher
2749;Bloodmissing
2750;Deady Longlegs
2752;Killdebeest
2753;Death Rattle
2758;Graymist Guardian
2759;Last Oxion Hero
2760;Lizard Gizzards
2770;Home From the Warfront
2771;Steam Clean
2772;Glitter and Goblins
2773;Slum Slime Slaughter
2774;Elementary
2775;Contrabandits
2776;Unauthorized Appropriation Deterrent
2777;Pasture-ization
2778;Keelhauling
2944;Removing Thorns
2945;Specimen Roundup
2946;Enforcing the Peace
2947;Big Game Hunted
2949;Odd Egg Out
2950;Peacocking Around
2954;Rushing the Gatekeepers
2955;Why Not Stoltzburg?
2956;The Peaceful Farm Life
2959;Trip to the Beech
2961;Drastic Measures
2962;Seafolk Tales
2963;Your Own Private Island
2965;Only the Wind
3006;Nui's Blessings
3177;Remember My Name
3178;An Honest Copse With Nothing to Lose
3179;Bushwhacker
3180;Doppeldangerous
3181;Master the Marshes
3182;Best in the Bog
3183;Death to the Suburbs!
3184;Maybe if You'd Used Those Watchtowers...
3185;Nobody Sends Baby to the Coroner
3214;Swim For it, Lads
3215;Jailhouse Baloos
3216;Beast in the East
3220;Allie's Angel
3223;Goldmaniac
3224;Orc Tribe Trouncer
3226;Graveyard Shift
3407;Scent of Victory
3408;Deforestation
3432;Breath of Fresh Air
3435;Whimsical Wanderer
3436;Dangerous Game
3437;Fleeing Whisperwind
3438;Unexpected Blessing
3439;The Last Spirit
3440;The Refugee in Oxion
3442;Mechanical Menace
3443;Lake of Living Death
3444;In the Footsteps of Greatness
3445;Tigerspine
3446;Souleye Searching
3447;Fellow Searchers
3448;Among the Spiders
3449;Cocoon
3450;A New Agreement
3451;Dark Evidence
3452;Into the City
3453;Shadow of a Shadowhawk
3454;Help for a Hawk
3455;Upstanding Citizens
3456;Cutting the Code
3457;Familiar Faces
3459;Crofting Life
3460;Infiltrating the Lab
3461;A Place of Horrors
3462;Shadowhawks' Most Wanted
3463;Toward the Sunrise
3464;Task Board Truth
3466;The Windwhips
3467;Tracking Grell
3468;Unexpected Meetings
3469;The Souleye's Power
3470;Negotiations
3471;Song of a Distant Harbor
3472;To Villanelle
3473;The Secret Location
3474;Meeting Nalyn
3475;The Souleye's Return
3476;Shadows in the Light
3478;The Last Spirit Returns
3479;Into the Wind
3480;An Old Friend
3481;Trustworthy Rumors
3482;Treebane Mysteries
3483;Path of the Wind
3484;The Fallen Glider
3485;Lady Ynga's Favor
3486;A Daughter's Pride
3487;A Hero Scorned
3488;A Mountain Recluse
3489;Ynga's Schematics
3490;The Chain of Command
3491;Serving Duty
3492;A Famous Inventor
3493;The Great Temple of Shatigon
3494;An Offer of Aid
3495;A Mission of Mercy
3496;Warehouse Jailbreak
3497;An Eyewitness Account
3498;Clues to the Past
3499;The House of the Artificer
3500;The Baron's Frustration
3501;A Timely Explanation
3502;Faerie Visions
3503;Ahead of the Hunters
3504;A Visit from the Past
3505;A Missing Dog
3506;A Grim Discovery
3507;The Mysterious Box
3508;Dangerous Contents
3509;Shady Dealings
3510;A Respectable Businessman
3511;A Pleasant Conversation
3512;Playing it Safe
3513;Meeting Haman
3514;Honor Amongst Thieves
3515;Escape from Serpent's Pass
3516;Ruthless Tactics
3517;The Path of Vengeance
3518;Innocent Victims
3519;Dangerous Cargo
3520;Baht's Invitation
3521;Joining the Shadowhawks
3522;Promised Payment
3523;Counterintelligence
3524;Into the Field
3525;The Mayor of Tigerseye
3526;Feigned Formalities
3527;Friends in High Places
3528;Raiding the Shrine
3529;Go to Ground
3530;A Second Chance
3531;Going Rogue
3532;Terror in the Temple
3533;Mission Accomplished
3534;A Shadowhawk at Last
3535;Vincenzio's Fate
3536;Vincenzio's Trail
3537;A City at Risk
3538;To the City of Towers
3539;The Origin of the Iron Crescent
3540;The Helm of Kyrios
3541;Bladewing Delivery
3542;Blunt Instrument
3543;The Middleman
3544;The Mad Scholar
3545;Laying the Bait
3546;Keeping Secrets
3547;A Glimpse of Destruction
3548;Baht's Betrayal
3549;A Brother in Arms
3550;Vincenzio's Family
3551;The Ashen Altar
3552;A Dying Wish
3553;Misar the Coward
3554;The Fight to Haman
3555;The Tower of Lord Ashabel
3556;Lord Ashabel
3557;Parting Ways
3558;A Shadowhawk's Request
3559;Anthalon's Invasion
3560;Baht's Final Gift
3561;A Lucky Break
3562;The Golem Laboratory
3563;Fractured Memories
3565;The Giant's Canyon
3566;A Thorny Problem
3567;An Elf in the Canyon
3573;A Common Past
3574;Averting Disaster
3591;Temporary Homemaker
3593;Tiger Balm
3595;Skyfins Grounded
3596;Spirited Away
3597;Heirs Apparent
3626;Endangered Species
3627;Hunting the Hunters
3628;Home On the Range
3629;First-Degree Burn
3630;Sandtrapped
3631;Thinning the Herds
3632;License to Kill
3633;Stranger Danger
3634;Unconflicted
3635;The Wind Sleeper
3636;Lifeguard On Duty
3637;Overkill
3750;Hadir Farms Instance Animation 3
3751;Hadir Farms Instance Animation 4
3752;Hadir Farms Instance Animation 5
3753;Hadir Farms Instance Animation 6
3754;Hadir Farms Instance Animation 7
3755;Hadir Farms Instance Animation 8
3756;Hadir Farms Instance Animation 9
3757;Hadir Farms Instance Animation 10
3845;Graveyard Shift
3846;Guard Duty
3847;Going Bust
3849;A Garden Variety
3850;Bug Zapper
3851;Final Judgment
3852;Self-Preservation
3853;Howl at the Moon
3854;Skyfighter
3860;Natural Selection
3861;Springs Spruce-Up
3862;You're Fired
3863;Spirit of Progress
3864;Rooted Out
3865;Sport Fishing
3866;Dispirited
3867;Big Bad Wolves
3880;The Fall of Velarre
3881;The Dahuta Cult
3882;Archbishop Lisandel
3883;Enter White Arden
3884;The Tide of Vengeance
3885;The Heart of White Arden
3886;The Sealstone
3887;Battle in White Arden
3888;The Sundered Sealstone
3889;Closing the Gate
3893;The Wyrdwind Alliance
3894;An Alliance at Last
3895;A Mysterious Note
3896;Cultists in Marianople
3897;The Race to Save Ehnoﾃｯr
3900;Under Dahuta's Veil
3901;Deltokin's Fate
3902;A New Destiny
3933;Earned Your Stripes
3934;Clever Girl
3935;Park Ranger
3936;Let's See Your Papers
3937;I Don't Believe in Faeries
3938;I Axed You Politely
3939;This Seems Backwards
3940;The Ghost Whiskerer
3941;Not Exactly Sporting
3942;Crustacean Decimation
3943;Invent Fire, Then We'll Talk
3944;The Apes of Wrath
3945;None Shall Pass
3946;Jiggly Justice
3948;Defeat the Blue Meanies
3949;Rule of the Reef
3950;Beachfront Property
3951;Friend of the Field Hands
3952;Achassi Chaser
3953;Rodent Wrangler
3954;Face the Fanatics
3955;The One That Got Away
3956;Backstreet Brawler
3957;Hassle on the Half Shell
3958;Blood in the Water
3959;I'm The Captain Now
3985;Meeting the Chosen
3986;An Endless War
3987;The Search for Atalantia
3988;The Ghost of Sloane
3989;Not Quite Retired
3990;For Marian
3991;Battle with Malcolm
3992;The Minotaur Village
3993;Runebearer
3994;Howl at the Moon
3995;Fight of Flight
3996;You Goat This
3997;Bear Wrestling
3998;Whiteout
3999;Warhorsemanship
4000;Rocking Out
4001;Arachnapwnia
4002;Achassi Chastizing
4003;Silencing the Harpies
4005;Destruction Academy
4009;Packing Up
4010;Mane-taining the Peace
4011;Rein On Their Parade
4012;Into the Mist
4013;Rolling Rocks
4014;Grubbing About
4015;Your Coup Runneth Over
4016;My What Big Wounds You Have
4088;Sarrasayonara
4259;Face to Faceless
4260;Owl Never Forgive Myself
4261;Don't Lose Your... Nevermind
4262;Kill o' the Wisp
4263;Flower Power
4269;The Elves in Sandtooth
4275;A Challenger Appears
4276;Drowned Out
4277;Bug Zapper
4278;Ghostbusted
4283;Abominable
4393;Malcolm's Madness
4394;A Child's Plight
4396;The Key to Your Past
4397;Secrets in Sandcloud
4398;Finding Nui's Chosen
4399;The Arden Guard's Stronghold
4400;To the Hereafter Gate
4402;Zaltan's Test
4403;Zaltan's Approval
4404;A Strange Request
4405;The Bloodhand Farm
4406;A Day at the Park
4407;Chasing the Ring
4408;An Unconventional Rescue
4409;Lucius Quinto
4410;Power Over Life and Death
4411;Tying Up Loose Ends
4466;Slime Time
4490;Return to Deltokin
4503;Toxin Technician
4507;Belion's Madness
4518;The King's Command
4519;Kings and Widows
4914;Red Dead Resolver
4920;Gust to Gust
4921;Shore Losers
4922;Invisa-lizards
4923;Slated for Death
4924;Down and Dirty
4925;Early Bird Gets the Wyrmkin
4926;Dead Shot
4927;Defanged
4928;Weedwhacker
4929;Are These Pre-Cooked?
4930;Ghost Thrusters
4931;Reaper Rampage
4932;Sentry Slayer
4933;That's Gotta Sting
4934;Ladders! My Only Weakness!
4935;Shamin' the Shamans
4936;The Minotaurs' Minions
4937;You Wouldn't Like Me When I'm Angry
4938;Double Trouble
4939;Flock Off
4940;Slither and Slice
4941;Ruffle Some Feathers
4942;A Red Day In Red Clay
4943;Brutal Slugfest
5040;Hit and Run
5487;Blood Pact
5700;5th Rank Soldier
5701;4th Rank Soldier
5702;3rd Rank Soldier
5703;2nd Rank Soldier
5704;1st Rank Soldier
5705;3rd Rank Knight
5706;2nd Rank Knight
5707;1st Rank Knight
5708;Grand Master
5709;General
5770;Galegarden Gardener
5771;Blind Justice
5772;Cake Popper
5773;At the Feet of Giants
5781;The Road to Andelph
5782;Ticket to Ride
5783;The Path of the Postmaster
5784;Snow Saplings
5785;Icefang Captives
5786;Harassing the Hunters
5787;A Fearsome Fanatic
5788;Suspicious Behavior
5789;Bombs on the Bridge
5790;The Missing Postman
5791;Groundling Infestation
5792;Frigid Flowers
5793;Cask Carry
5794;Astra Attacks
5795;A Willing Prisoner
5796;A Splash of Sobriety
5797;The Lost Letter
5798;A New Threat
5799;Seed Mine Slaughter
5800;Enter the Archives
5801;Stolen Records
5802;Powerful Friends
5803;The Lost Laboratory
5804;Heretical Technology
5805;Plots and Politics
5806;Uhlant's Treachery
5807;The Sages' Mission
5808;Miserable Miner
5809;A Frozen Solid Lead
5810;The Howling Forest
5888;Party Crasher
5889;Fearless Leader
5973;Fur-Friendly
5974;Team Player
5977;Discord Destroyer
5980;Mechanized Warfare
5994;Royal Archivist
6016;Timeless Warrior
6017;Time Catcher
6018;ArcheRacer
6032;Poet Laureate
6033;Silver Tongued
6061;First Fisherman
6062;Arena King
6158;Smarty Pants
6159;Brainstormer
6170;Star-Crossed
6171;Healing Hand
6172;Fearful
6173;Bloodscythe
6174;Catch of the Day
6175;Fishfiend
6176;Happy as a Clam
6177;Slightly Sticky
6178;Enchanted
6179;Crest Crafter
6180;Power Napper
6181;Layer It On
6182;Tango-mancer
6183;Lucky Pouch
6184;Ready to Rock
6185;Always Fresh
6186;Bouncing Back
6187;Craft-Crazed
6188;Sweet and Syrupy
6189;Ginseng Singer
6190;Auroriana Jones
6191;Exterminator
6192;Busy Bookworm
6193;Pumped Up
6229;First Year Friend
6280;Invitation to Suffering
6282;Tough Choices
6352;To Cloudgrain Village
6355;Year of the Horse
6373;Lucius Reborn
6577;A Test of Strength
6580;Kyrios Worshippers
6584;Security Concerns
6615;The Final Test
6696;Broken Supply Lines
6697;Finding Sir Livek
6698;A Suspicious Death
6699;An Emergency Meeting
6700;A Mysterious Ally
6701;A Shocking Truth
6702;Rescue Mission
6703;A Secret Meeting
6704;The End of the Line
6705;The Golden Ruins
6706;The Captain's Doubts
6707;Primary Suspects
6708;Tracking the Traitor
6709;The Poisoned Scout
6710;The Truth at Last
6711;Searching the Ruins
6712;The Silent Watcher
6713;A Puzzling Prophecy
6714;Zeladian the Necromancer
6715;A Strained Alliance
7115;Your Legend Continues
7116;Your Legend Continues
7117;Your Legend Continues
7118;Your Legend Continues
7119;A Secret Mission
7122;A Secret Mission
7123;Heading to Halcyona
7124;Heading to Halcyona
7125;Traveling on Business
7126;Traveling on Business
7127;A Secret in Sun's End
7128;An Agent in Anarchi
7129;The Traitor in the Tower
7130;The Chimera Agent
7131;A Dangerous Antidote
7132;Memory Mender
7133;Innocents In Danger
7134;The Missing Child
7135;Precious Cargo
7136;Gathering Information
7137;Across the Sea
7138;A Scented Signal
7139;A Moving Target
7140;The Specialist
7141;Captives and Coercion
7142;Ayle's Fate
7143;A Custom Solution
7144;Arra's Ingredients
7145;The Captured Child
7146;The Training Camp
7147;One Last Job
7148;The Souleye's Location
7149;The Riven Gates
7325;A Secret Mission
7466;Joining the Crimson Watch
8112;Immortal Conqueror
8115;Too Late
8116;Calm and Courteous
8117;A Nobleman's Gift
8118;Free Labor
8119;Mind Your Manners
8120;Trash to Treasure
8121;Forging Honor
8122;A Seal and Disapproval
8123;A Fair Trade, Harani-Style
8124;Continuing Concerns
8125;A Hope Fulfilled
8126;Always Let Your Conscience Be Your Guide
8127;Asking for Directions
8128;Onward
8129;Guardsman's Authority
8130;The Waiting Game
8131;Engineering a Meeting
8132;The Engineer's Assistant
8133;Freedom Seeker
8134;Winds of Freedom
8135;A Thorny Test
8136;To Redempton
8137;The Elders' Doubt
8138;Earning Atonement
8139;Understanding Sorrow
8140;Another New Dream
8141;Clear Name, Cloudy Conscience
8142;The Ritual of Atonement
8143;A New Perspective
8144;Razorbone
8145;Razor's Edge
8146;Making Good on a Promise
8147;The Mother's Temple
8148;Now Hiring
8149;Temple Tranquility
8150;Motherly Meditation
8151;Leaving Temple Service
8152;A Final Test
8153;The Consequences of Bad News
8154;A Gesture of Kinship
8155;Always It Is Dawn
8219;Entering a Bramble
8220;Returning to Razorbone
8225;A New Race Dawns
8227;Truly Tenacious
8238;Hell on Earth
8295;Armored Ambassador
8296;The Birth of a Ravager
8309;Your Legend Continues
8376;Your Legend Continues
8461;Merciless Massacre
8463;The End of Tiberion III
8536;No Man Left Behind
8537;Friends and Acquaintances
8538;Reclaiming Reedwind
8539;Above Your Pay Grade
8540;Unquestioned Authority
8541;Lock and Key
8543;A Good Reputation
8544;A Deadly Meeting
8545;Silver Lining
8546;No Time to Rest
8547;A Prophetic Warning
8548;Missing Information
8549;An Ancient Language
8550;Lost Souls
8551;The Leviathan's Essence
8552;Souls Unbound
8553;A New Weapon
8554;Battle Preparations
8555;Crimson Watch Defense Preparations
8556;To Aegis Island
8557;Island Monsters
8558;The Great Seal of Erenor
8801;Commander
8802;Warlord
8803;Immortal
9009;A Call for Help
9073;Sweet Melody
9115;Defeat the Giant Abomination
9173;The Call of the Hiram
9174;Joining Forces
9175;The Amaitan Highlands
9176;Purifying Energy
9178;An Ominous Cave
9179;A Mysterious Cube
9180;To the Nemi River
9181;Nightmarish Encounter
9182;Disguise Mission
9183;Infiltrating the Worship Site
9185;A Destined Meeting
9186;Akasch Worship Site Investigation
9187;The Truth about the Abominations
9188;A Nearing Disaster
9189;The Chosen One
9190;The Relic of Hiram City
9191;The Holy Soldiers
9192;Protect the Mountain Gate
9193;The Shadow of Disaster
9194;Just the Beginning
9195;Neverending Disaster
9212;Hiram Guardian Statue
9213;Omen
9235;The Path East
9237;Setting up Camp
9238;Missing Scouts
9239;Tracking the Scouts
9240;Serpent Horrors
9241;Signs of Corruption
9242;Haradium Research
9243;A Spreading Problem
9244;The Gate of Strength
9245;A Test of Strength
9246;The Message
9247;The Three Gates
9249;Black Forest Investigation
9250;The Gate of Patience
9252;A Test of Patience
9253;The Holy Vessel
9254;A Refined Secret
9255;Haradium Research Journal
9256;To the Meadows
9257;A Secret Meeting
9258;The Rudai Family
9259;Abyssal Dwarves
9260;The Gate of Wisdom
9262;A Test of Wisdom
9263;Broken Seals
9264;Ipnya's Blessing
9265;Chaos and Destruction
9266;Path to the Garden
9298;An Experiment
9305;Under Assault?
9325;Famed Musician
9469;Solis Headlands
9983;Kyprosa's Message
9989;Enos the Oracle
10001;Winged Messenger
10011;The Gatekeeper Hall
10012;Kyprosa's Plea
10013;To Elysium
10014;The Source of Power
10015;Skyfin Safe Haven
10016;Amber Ridge Miner
10017;The Genesis Glade
10018;Rush Delivery
10019;A Mysterious Elf
10020;Teamwork
10021;Fighting Kyrios' Minions
10022;A Skyfin's Senses
10023;Infusing the Barrier Crystals
10024;A Nefarious Appearance
10025;Master of the Shadow Demons
10026;To Celestia
10027;Celestia in Trouble
10028;Nebe's Echo
10029;Where is Gladie?
10030;Cold Hands
10031;Seed Delivery
10032;Back Across
10033;Celestia Gardener
10034;Aerial Seeding
10036;Flowers in Bloom
10037;The Cat Man
10038;Demon Flora
10039;Sowing Bodies
10040;Infinite Snow
10041;Enhancing an Arrow
10042;Pit Fiend Colander
10043;Master of Demons Part 2
10044;Returning the Frozen Flame
10045;Restoring Celestia
10047;Informing Kyprosa
10048;Return to Owner
10049;Blessing of the Gods
10050;Mysterious City
10052;Fighting Back
10053;Melisara's Orders
10054;Ringing the Bell
10055;Anthalon's Twisted Shadowhawks
10058;Entering the Citadel
10059;Sherlock Livolla
10060;Searching for Clues
10061;Petrified Fairies
10101;Anthalon's Lair
10102;An Attempted Escape
10103;Shadowhawk Showdown
10104;Delphinad Investigator
10125;Circle of Authority
10126;God of Destruction
10127;Gene
10128;Kyprosa's Final Task
10270;Torch of Ipnya
10271;An Ancient Voice
10272;The Ipnysh Sanctuary
10292;The Lodestone Token
10297;Preparing an Offering
10303;Orien, Warden of the Atrium
10361;To Mysthrane
10362;Back to School
10363;Ipnysh Sealstones
10364;War Remnants
10365;Searching Constructs
10366;Lauryla of Mysthrane
10367;Dormant Risopoda
10368;Reunion
10369;Joining Forces
10441;Sky Racer
10580;Pumpkin Collector
10646;Journey West
10647;Strange Ruins
10648;Raeven's Magic
10649;A Perfect Lookout
10650;Teleporter Repairs
10651;To the Ethereal Haven
10652;Surveying the Ipnya Ridge
10653;Searching for Allies
10654;I'm Here
10655;Splitting the Party
10656;Ancient Alikits
10657;Friend or Foe
10658;Two-Legged Snowlion
10659;Searching the Warden
10660;Unknown Fate
10661;Securing the Cave
10662;Watchmen Rescue
10663;Akasch Altar
10664;The Cave's Secret
10665;Tracking the Warborn
10666;Clash of Warriors
10667;Onward
10668;D-egg-struction
10669;Clearing the Scars
10670;Where's Raeven?
10671;Facing the Wizard
10672;Into the Abyss
10673;Family Reunion
10674;Raeven's Hideout
10675;New Clues
10676;Time Research Lab
10677;Dark Visions
10678;The Voidbreaker
10679;The Queen's Altar
10680;Escaping the Trap
10681;Queen of the Akasch
10682;A Moment to Reminisce
10772;Message in the Wind
10773;Windwhip Leader
10774;Firran Folk Remedy
10775;Preparing for Healing
10776;Dreadful Poison
10777;The Origin of the Poison
10778;Wild Herbs from the Wildflower Forest
10780;Forgotten Spike
10781;Firran With a Tear Scar
10782;Aust Follower Governor
10783;Legend of the Great Prairie
10931;Prairie Border
10942;Number One
11010;Warriors Are Welcome!
11011;The Reason for a Camp
11012;Nomad's Fire and Water
11013;The Bard Who Connects the Memories of the Wind
11017;With the Gods
11134;Special Forces Commander
11135;Special Forces Supreme Commander
11136;Special Forces General
11137;Special Forces Army Commander
8000001;Founder
8000002;Traveler
8000003;Trailblazer
8000005;Sojourner
8000007;Spring Tidings
8000009;Freedich Fellowship
8000010;Barrel Rider
8000030;Soul Sworn
8000031;Wayfarer
8000057;A-List
8000058;Idol
8000059;VIP
8000096;The Mysterious Letter
9000011;Taming the fugitives
9000012;Mysterious Letter
9000013;Dangerous journey
9000014;CRIMSON WATCH CALLS!
9000015;Intelligence is dangerous
9000016;The Forgotten Legend
9000017;Development of New Land
9000018;Cold place
9000019;Wild animals
9000020;The enemy is near!
9000021;Recovering the forgotten words
9000022;A long forgotten enemy
9000023;Following the necromancy
9000024;Recruits to be!
9000025;Slayer of Gods
9000026;Farmer's contest
9000027;Every soul needs music
9000028;Turtle, tortoise窶ｦ so, what窶冱 the correct pronunciation?!
9000029;Villains from Serpentis
9000030;A little gift from Nui
9000031;Monsters of Reedwind
9000032;There is something inside the shell!
9000033;Strange sounds at night
9000034;Weird Crew
9000035;High, high up in the mountains
9000036;Strange healing
9000037;A mysterious stranger's trace
9000038;The Den of the unknown
9000039;Isolated island
9000040;Seeds for a friend
9000041;Tiny Magic
9000042;Up!
9000043;Trip to the dream
9000044;Deep sea explorer
9000045;On the high-way
9000046;Speeding Up!
9000047;Profit is good!
9000048;Darkness is impenetrable
9000049;Raid! Attack the monsters dungeon!
9000050;The battle of the fearless!
9000087;A letter for you!
9000088;Dangerous research
9000089;Breaking the chains
9000090;Truths
9000091;Rising from the depths
9000117;Find it 窶・but what?
9000118;Puppeteers
9000119;Eternal Recovery
9000120;A well deserved break
9000121;The border
9000122;Protect the Diamond Shores
9000123;Backstage
9000124;The legend of the holy sword
9000125;A heros pure soul
9000126;To the great hero 窶・a great sword!
9000127;The mysterious Tree
9000128;Legendary Armor
9000129;Another road...
9000130;The beginning of the end
9000131;Secrets, spirited away
9000132;Invincible enemy
9000133;Face the death
9000189;Deserved Punishment
9000190;Decent Prisoner
9000191;Urgent Report
9000192;Stronghold
9000193;Early News
9000194;Nightmare Echoes
9000195;Lighter
9000196;Caustic Solution
9000197;Last General of Eilat
9000199;Fallen Fortress
9000200;The World at the Dawn of Time...Hic!
9000201;Bad News
9000202;Name-Cursed Venue
9000203;Alliance: Wyrdwinds
9000204;Alliance: East Ishvara
9000205;Where is my white horse?...
9000206;Alliance: Order of Nui
9000207;Alliance. Pangs Of Conscience
9000208;Whaleswell Straits Artifact
9000209;Chasing
9000210;Conspiracy
9000211;To The Eye Of The Storm
9000212;The Real Face Of Death
9000213;Decisive Choice
9000214;[Cult] On The End Of Time Verge
9000215;[Crimson Watch] On The End Of Time Verge
9000267;The Imprisoned Monk
9000268;Necronomicon
9000269;Flickering Darkness
9000270;The Great Combinator
9000271;Endless Ale
9000272;Endless Ale pt.2
9000273;Ram Rider
9000274;Skilled Linguists
9000275;I'll become a Narayanan when I grow up!
9000276;Striped Cat's Spine
9000277;Hal Hahpa
9000278;When it rains plague, it pours
9000280;The Plague's Source
9000281;It'll be just a minute
9000282;It'll be just a minute pt.2
9000283;The Wonders of Technology
9000284;The Wetlands
9000285;From Dusk Till Dawn
9000286;Swamp Butcher
9000287;Brave New World (Of Wine)
9000288;An Another Drunken Night
9000289;An Another Drunken Night pt.2
9000290;An Another Drunken Night pt.3
9000291;A Beauty For A Beast
9000292;Eanna Nimush's Song
9000293;The Riddle of Mirage
9000294;The Last Abbot
9000295;Salvation of Souls
